"startYear","endYear","genderConceptId","startAge","endAge","expectedLifeRemained","country","location"
2007,2007,8507,0,0,"75.9","KOR","KOR"
2007,2007,8532,0,0,"82.5","KOR","KOR"
2008,2008,8507,0,0,"76.2","KOR","KOR"
2008,2008,8532,0,0,"83.0","KOR","KOR"
2009,2009,8507,0,0,"76.7","KOR","KOR"
2009,2009,8532,0,0,"83.4","KOR","KOR"
2010,2010,8507,0,0,"76.8","KOR","KOR"
2010,2010,8532,0,0,"83.6","KOR","KOR"
2011,2011,8507,0,0,"77.3","KOR","KOR"
2011,2011,8532,0,0,"84.0","KOR","KOR"
2012,2012,8507,0,0,"77.6","KOR","KOR"
2012,2012,8532,0,0,"84.2","KOR","KOR"
2013,2013,8507,0,0,"78.1","KOR","KOR"
2013,2013,8532,0,0,"84.6","KOR","KOR"
2014,2014,8507,0,0,"78.6","KOR","KOR"
2014,2014,8532,0,0,"85.0","KOR","KOR"
2015,2015,8507,0,0,"79.0","KOR","KOR"
2015,2015,8532,0,0,"85.2","KOR","KOR"
2016,2016,8507,0,0,"79.3","KOR","KOR"
2016,2016,8532,0,0,"85.4","KOR","KOR"
2017,2017,8507,0,0,"79.7","KOR","KOR"
2017,2017,8532,0,0,"85.7","KOR","KOR"
2007,2007,8507,1,1,"75.1","KOR","KOR"
2007,2007,8532,1,1,"81.7","KOR","KOR"
2008,2008,8507,1,1,"75.5","KOR","KOR"
2008,2008,8532,1,1,"82.2","KOR","KOR"
2009,2009,8507,1,1,"75.9","KOR","KOR"
2009,2009,8532,1,1,"82.6","KOR","KOR"
2010,2010,8507,1,1,"76.1","KOR","KOR"
2010,2010,8532,1,1,"82.9","KOR","KOR"
2011,2011,8507,1,1,"76.5","KOR","KOR"
2011,2011,8532,1,1,"83.2","KOR","KOR"
2012,2012,8507,1,1,"76.8","KOR","KOR"
2012,2012,8532,1,1,"83.4","KOR","KOR"
2013,2013,8507,1,1,"77.4","KOR","KOR"
2013,2013,8532,1,1,"83.8","KOR","KOR"
2014,2014,8507,1,1,"77.8","KOR","KOR"
2014,2014,8532,1,1,"84.3","KOR","KOR"
2015,2015,8507,1,1,"78.2","KOR","KOR"
2015,2015,8532,1,1,"84.4","KOR","KOR"
2016,2016,8507,1,1,"78.5","KOR","KOR"
2016,2016,8532,1,1,"84.6","KOR","KOR"
2017,2017,8507,1,1,"78.9","KOR","KOR"
2017,2017,8532,1,1,"84.9","KOR","KOR"
2007,2007,8507,2,2,"74.2","KOR","KOR"
2007,2007,8532,2,2,"80.7","KOR","KOR"
2008,2008,8507,2,2,"74.5","KOR","KOR"
2008,2008,8532,2,2,"81.3","KOR","KOR"
2009,2009,8507,2,2,"75.0","KOR","KOR"
2009,2009,8532,2,2,"81.7","KOR","KOR"
2010,2010,8507,2,2,"75.1","KOR","KOR"
2010,2010,8532,2,2,"81.9","KOR","KOR"
2011,2011,8507,2,2,"75.5","KOR","KOR"
2011,2011,8532,2,2,"82.2","KOR","KOR"
2012,2012,8507,2,2,"75.8","KOR","KOR"
2012,2012,8532,2,2,"82.4","KOR","KOR"
2013,2013,8507,2,2,"76.4","KOR","KOR"
2013,2013,8532,2,2,"82.9","KOR","KOR"
2014,2014,8507,2,2,"76.8","KOR","KOR"
2014,2014,8532,2,2,"83.3","KOR","KOR"
2015,2015,8507,2,2,"77.2","KOR","KOR"
2015,2015,8532,2,2,"83.4","KOR","KOR"
2016,2016,8507,2,2,"77.6","KOR","KOR"
2016,2016,8532,2,2,"83.6","KOR","KOR"
2017,2017,8507,2,2,"77.9","KOR","KOR"
2017,2017,8532,2,2,"83.9","KOR","KOR"
2007,2007,8507,3,3,"73.2","KOR","KOR"
2007,2007,8532,3,3,"79.8","KOR","KOR"
2008,2008,8507,3,3,"73.6","KOR","KOR"
2008,2008,8532,3,3,"80.3","KOR","KOR"
2009,2009,8507,3,3,"74.0","KOR","KOR"
2009,2009,8532,3,3,"80.7","KOR","KOR"
2010,2010,8507,3,3,"74.2","KOR","KOR"
2010,2010,8532,3,3,"80.9","KOR","KOR"
2011,2011,8507,3,3,"74.6","KOR","KOR"
2011,2011,8532,3,3,"81.2","KOR","KOR"
2012,2012,8507,3,3,"74.9","KOR","KOR"
2012,2012,8532,3,3,"81.4","KOR","KOR"
2013,2013,8507,3,3,"75.4","KOR","KOR"
2013,2013,8532,3,3,"81.9","KOR","KOR"
2014,2014,8507,3,3,"75.9","KOR","KOR"
2014,2014,8532,3,3,"82.3","KOR","KOR"
2015,2015,8507,3,3,"76.2","KOR","KOR"
2015,2015,8532,3,3,"82.4","KOR","KOR"
2016,2016,8507,3,3,"76.6","KOR","KOR"
2016,2016,8532,3,3,"82.7","KOR","KOR"
2017,2017,8507,3,3,"76.9","KOR","KOR"
2017,2017,8532,3,3,"82.9","KOR","KOR"
2007,2007,8507,4,4,"72.2","KOR","KOR"
2007,2007,8532,4,4,"78.8","KOR","KOR"
2008,2008,8507,4,4,"72.6","KOR","KOR"
2008,2008,8532,4,4,"79.3","KOR","KOR"
2009,2009,8507,4,4,"73.0","KOR","KOR"
2009,2009,8532,4,4,"79.7","KOR","KOR"
2010,2010,8507,4,4,"73.2","KOR","KOR"
2010,2010,8532,4,4,"79.9","KOR","KOR"
2011,2011,8507,4,4,"73.6","KOR","KOR"
2011,2011,8532,4,4,"80.3","KOR","KOR"
2012,2012,8507,4,4,"73.9","KOR","KOR"
2012,2012,8532,4,4,"80.4","KOR","KOR"
2013,2013,8507,4,4,"74.4","KOR","KOR"
2013,2013,8532,4,4,"80.9","KOR","KOR"
2014,2014,8507,4,4,"74.9","KOR","KOR"
2014,2014,8532,4,4,"81.3","KOR","KOR"
2015,2015,8507,4,4,"75.2","KOR","KOR"
2015,2015,8532,4,4,"81.4","KOR","KOR"
2016,2016,8507,4,4,"75.6","KOR","KOR"
2016,2016,8532,4,4,"81.7","KOR","KOR"
2017,2017,8507,4,4,"75.9","KOR","KOR"
2017,2017,8532,4,4,"82.0","KOR","KOR"
2007,2007,8507,5,5,"71.2","KOR","KOR"
2007,2007,8532,5,5,"77.8","KOR","KOR"
2008,2008,8507,5,5,"71.6","KOR","KOR"
2008,2008,8532,5,5,"78.3","KOR","KOR"
2009,2009,8507,5,5,"72.0","KOR","KOR"
2009,2009,8532,5,5,"78.7","KOR","KOR"
2010,2010,8507,5,5,"72.2","KOR","KOR"
2010,2010,8532,5,5,"78.9","KOR","KOR"
2011,2011,8507,5,5,"72.6","KOR","KOR"
2011,2011,8532,5,5,"79.3","KOR","KOR"
2012,2012,8507,5,5,"72.9","KOR","KOR"
2012,2012,8532,5,5,"79.5","KOR","KOR"
2013,2013,8507,5,5,"73.4","KOR","KOR"
2013,2013,8532,5,5,"79.9","KOR","KOR"
2014,2014,8507,5,5,"73.9","KOR","KOR"
2014,2014,8532,5,5,"80.3","KOR","KOR"
2015,2015,8507,5,5,"74.2","KOR","KOR"
2015,2015,8532,5,5,"80.4","KOR","KOR"
2016,2016,8507,5,5,"74.6","KOR","KOR"
2016,2016,8532,5,5,"80.7","KOR","KOR"
2017,2017,8507,5,5,"75.0","KOR","KOR"
2017,2017,8532,5,5,"81.0","KOR","KOR"
2007,2007,8507,6,6,"70.2","KOR","KOR"
2007,2007,8532,6,6,"76.8","KOR","KOR"
2008,2008,8507,6,6,"70.6","KOR","KOR"
2008,2008,8532,6,6,"77.3","KOR","KOR"
2009,2009,8507,6,6,"71.0","KOR","KOR"
2009,2009,8532,6,6,"77.7","KOR","KOR"
2010,2010,8507,6,6,"71.2","KOR","KOR"
2010,2010,8532,6,6,"77.9","KOR","KOR"
2011,2011,8507,6,6,"71.6","KOR","KOR"
2011,2011,8532,6,6,"78.3","KOR","KOR"
2012,2012,8507,6,6,"71.9","KOR","KOR"
2012,2012,8532,6,6,"78.5","KOR","KOR"
2013,2013,8507,6,6,"72.4","KOR","KOR"
2013,2013,8532,6,6,"78.9","KOR","KOR"
2014,2014,8507,6,6,"72.9","KOR","KOR"
2014,2014,8532,6,6,"79.3","KOR","KOR"
2015,2015,8507,6,6,"73.3","KOR","KOR"
2015,2015,8532,6,6,"79.4","KOR","KOR"
2016,2016,8507,6,6,"73.6","KOR","KOR"
2016,2016,8532,6,6,"79.7","KOR","KOR"
2017,2017,8507,6,6,"74.0","KOR","KOR"
2017,2017,8532,6,6,"80.0","KOR","KOR"
2007,2007,8507,7,7,"69.3","KOR","KOR"
2007,2007,8532,7,7,"75.8","KOR","KOR"
2008,2008,8507,7,7,"69.6","KOR","KOR"
2008,2008,8532,7,7,"76.3","KOR","KOR"
2009,2009,8507,7,7,"70.0","KOR","KOR"
2009,2009,8532,7,7,"76.7","KOR","KOR"
2010,2010,8507,7,7,"70.2","KOR","KOR"
2010,2010,8532,7,7,"76.9","KOR","KOR"
2011,2011,8507,7,7,"70.6","KOR","KOR"
2011,2011,8532,7,7,"77.3","KOR","KOR"
2012,2012,8507,7,7,"70.9","KOR","KOR"
2012,2012,8532,7,7,"77.5","KOR","KOR"
2013,2013,8507,7,7,"71.4","KOR","KOR"
2013,2013,8532,7,7,"77.9","KOR","KOR"
2014,2014,8507,7,7,"71.9","KOR","KOR"
2014,2014,8532,7,7,"78.3","KOR","KOR"
2015,2015,8507,7,7,"72.3","KOR","KOR"
2015,2015,8532,7,7,"78.4","KOR","KOR"
2016,2016,8507,7,7,"72.6","KOR","KOR"
2016,2016,8532,7,7,"78.7","KOR","KOR"
2017,2017,8507,7,7,"73.0","KOR","KOR"
2017,2017,8532,7,7,"79.0","KOR","KOR"
2007,2007,8507,8,8,"68.3","KOR","KOR"
2007,2007,8532,8,8,"74.8","KOR","KOR"
2008,2008,8507,8,8,"68.6","KOR","KOR"
2008,2008,8532,8,8,"75.3","KOR","KOR"
2009,2009,8507,8,8,"69.0","KOR","KOR"
2009,2009,8532,8,8,"75.7","KOR","KOR"
2010,2010,8507,8,8,"69.2","KOR","KOR"
2010,2010,8532,8,8,"75.9","KOR","KOR"
2011,2011,8507,8,8,"69.6","KOR","KOR"
2011,2011,8532,8,8,"76.3","KOR","KOR"
2012,2012,8507,8,8,"69.9","KOR","KOR"
2012,2012,8532,8,8,"76.5","KOR","KOR"
2013,2013,8507,8,8,"70.5","KOR","KOR"
2013,2013,8532,8,8,"76.9","KOR","KOR"
2014,2014,8507,8,8,"70.9","KOR","KOR"
2014,2014,8532,8,8,"77.3","KOR","KOR"
2015,2015,8507,8,8,"71.3","KOR","KOR"
2015,2015,8532,8,8,"77.4","KOR","KOR"
2016,2016,8507,8,8,"71.6","KOR","KOR"
2016,2016,8532,8,8,"77.7","KOR","KOR"
2017,2017,8507,8,8,"72.0","KOR","KOR"
2017,2017,8532,8,8,"78.0","KOR","KOR"
2007,2007,8507,9,9,"67.3","KOR","KOR"
2007,2007,8532,9,9,"73.8","KOR","KOR"
2008,2008,8507,9,9,"67.6","KOR","KOR"
2008,2008,8532,9,9,"74.3","KOR","KOR"
2009,2009,8507,9,9,"68.0","KOR","KOR"
2009,2009,8532,9,9,"74.8","KOR","KOR"
2010,2010,8507,9,9,"68.2","KOR","KOR"
2010,2010,8532,9,9,"75.0","KOR","KOR"
2011,2011,8507,9,9,"68.6","KOR","KOR"
2011,2011,8532,9,9,"75.3","KOR","KOR"
2012,2012,8507,9,9,"68.9","KOR","KOR"
2012,2012,8532,9,9,"75.5","KOR","KOR"
2013,2013,8507,9,9,"69.5","KOR","KOR"
2013,2013,8532,9,9,"75.9","KOR","KOR"
2014,2014,8507,9,9,"69.9","KOR","KOR"
2014,2014,8532,9,9,"76.3","KOR","KOR"
2015,2015,8507,9,9,"70.3","KOR","KOR"
2015,2015,8532,9,9,"76.4","KOR","KOR"
2016,2016,8507,9,9,"70.6","KOR","KOR"
2016,2016,8532,9,9,"76.7","KOR","KOR"
2017,2017,8507,9,9,"71.0","KOR","KOR"
2017,2017,8532,9,9,"77.0","KOR","KOR"
2007,2007,8507,10,10,"66.3","KOR","KOR"
2007,2007,8532,10,10,"72.8","KOR","KOR"
2008,2008,8507,10,10,"66.6","KOR","KOR"
2008,2008,8532,10,10,"73.3","KOR","KOR"
2009,2009,8507,10,10,"67.1","KOR","KOR"
2009,2009,8532,10,10,"73.8","KOR","KOR"
2010,2010,8507,10,10,"67.2","KOR","KOR"
2010,2010,8532,10,10,"74.0","KOR","KOR"
2011,2011,8507,10,10,"67.6","KOR","KOR"
2011,2011,8532,10,10,"74.3","KOR","KOR"
2012,2012,8507,10,10,"67.9","KOR","KOR"
2012,2012,8532,10,10,"74.5","KOR","KOR"
2013,2013,8507,10,10,"68.5","KOR","KOR"
2013,2013,8532,10,10,"74.9","KOR","KOR"
2014,2014,8507,10,10,"68.9","KOR","KOR"
2014,2014,8532,10,10,"75.3","KOR","KOR"
2015,2015,8507,10,10,"69.3","KOR","KOR"
2015,2015,8532,10,10,"75.5","KOR","KOR"
2016,2016,8507,10,10,"69.6","KOR","KOR"
2016,2016,8532,10,10,"75.7","KOR","KOR"
2017,2017,8507,10,10,"70.0","KOR","KOR"
2017,2017,8532,10,10,"76.0","KOR","KOR"
2007,2007,8507,11,11,"65.3","KOR","KOR"
2007,2007,8532,11,11,"71.9","KOR","KOR"
2008,2008,8507,11,11,"65.7","KOR","KOR"
2008,2008,8532,11,11,"72.4","KOR","KOR"
2009,2009,8507,11,11,"66.1","KOR","KOR"
2009,2009,8532,11,11,"72.8","KOR","KOR"
2010,2010,8507,11,11,"66.2","KOR","KOR"
2010,2010,8532,11,11,"73.0","KOR","KOR"
2011,2011,8507,11,11,"66.6","KOR","KOR"
2011,2011,8532,11,11,"73.3","KOR","KOR"
2012,2012,8507,11,11,"66.9","KOR","KOR"
2012,2012,8532,11,11,"73.5","KOR","KOR"
2013,2013,8507,11,11,"67.5","KOR","KOR"
2013,2013,8532,11,11,"73.9","KOR","KOR"
2014,2014,8507,11,11,"67.9","KOR","KOR"
2014,2014,8532,11,11,"74.3","KOR","KOR"
2015,2015,8507,11,11,"68.3","KOR","KOR"
2015,2015,8532,11,11,"74.5","KOR","KOR"
2016,2016,8507,11,11,"68.6","KOR","KOR"
2016,2016,8532,11,11,"74.7","KOR","KOR"
2017,2017,8507,11,11,"69.0","KOR","KOR"
2017,2017,8532,11,11,"75.0","KOR","KOR"
2007,2007,8507,12,12,"64.3","KOR","KOR"
2007,2007,8532,12,12,"70.9","KOR","KOR"
2008,2008,8507,12,12,"64.7","KOR","KOR"
2008,2008,8532,12,12,"71.4","KOR","KOR"
2009,2009,8507,12,12,"65.1","KOR","KOR"
2009,2009,8532,12,12,"71.8","KOR","KOR"
2010,2010,8507,12,12,"65.3","KOR","KOR"
2010,2010,8532,12,12,"72.0","KOR","KOR"
2011,2011,8507,12,12,"65.6","KOR","KOR"
2011,2011,8532,12,12,"72.3","KOR","KOR"
2012,2012,8507,12,12,"65.9","KOR","KOR"
2012,2012,8532,12,12,"72.5","KOR","KOR"
2013,2013,8507,12,12,"66.5","KOR","KOR"
2013,2013,8532,12,12,"72.9","KOR","KOR"
2014,2014,8507,12,12,"66.9","KOR","KOR"
2014,2014,8532,12,12,"73.3","KOR","KOR"
2015,2015,8507,12,12,"67.3","KOR","KOR"
2015,2015,8532,12,12,"73.5","KOR","KOR"
2016,2016,8507,12,12,"67.6","KOR","KOR"
2016,2016,8532,12,12,"73.7","KOR","KOR"
2017,2017,8507,12,12,"68.0","KOR","KOR"
2017,2017,8532,12,12,"74.0","KOR","KOR"
2007,2007,8507,13,13,"63.3","KOR","KOR"
2007,2007,8532,13,13,"69.9","KOR","KOR"
2008,2008,8507,13,13,"63.7","KOR","KOR"
2008,2008,8532,13,13,"70.4","KOR","KOR"
2009,2009,8507,13,13,"64.1","KOR","KOR"
2009,2009,8532,13,13,"70.8","KOR","KOR"
2010,2010,8507,13,13,"64.3","KOR","KOR"
2010,2010,8532,13,13,"71.0","KOR","KOR"
2011,2011,8507,13,13,"64.7","KOR","KOR"
2011,2011,8532,13,13,"71.3","KOR","KOR"
2012,2012,8507,13,13,"64.9","KOR","KOR"
2012,2012,8532,13,13,"71.5","KOR","KOR"
2013,2013,8507,13,13,"65.5","KOR","KOR"
2013,2013,8532,13,13,"71.9","KOR","KOR"
2014,2014,8507,13,13,"65.9","KOR","KOR"
2014,2014,8532,13,13,"72.4","KOR","KOR"
2015,2015,8507,13,13,"66.3","KOR","KOR"
2015,2015,8532,13,13,"72.5","KOR","KOR"
2016,2016,8507,13,13,"66.7","KOR","KOR"
2016,2016,8532,13,13,"72.7","KOR","KOR"
2017,2017,8507,13,13,"67.0","KOR","KOR"
2017,2017,8532,13,13,"73.0","KOR","KOR"
2007,2007,8507,14,14,"62.3","KOR","KOR"
2007,2007,8532,14,14,"68.9","KOR","KOR"
2008,2008,8507,14,14,"62.7","KOR","KOR"
2008,2008,8532,14,14,"69.4","KOR","KOR"
2009,2009,8507,14,14,"63.1","KOR","KOR"
2009,2009,8532,14,14,"69.8","KOR","KOR"
2010,2010,8507,14,14,"63.3","KOR","KOR"
2010,2010,8532,14,14,"70.0","KOR","KOR"
2011,2011,8507,14,14,"63.7","KOR","KOR"
2011,2011,8532,14,14,"70.3","KOR","KOR"
2012,2012,8507,14,14,"64.0","KOR","KOR"
2012,2012,8532,14,14,"70.5","KOR","KOR"
2013,2013,8507,14,14,"64.5","KOR","KOR"
2013,2013,8532,14,14,"70.9","KOR","KOR"
2014,2014,8507,14,14,"64.9","KOR","KOR"
2014,2014,8532,14,14,"71.4","KOR","KOR"
2015,2015,8507,14,14,"65.3","KOR","KOR"
2015,2015,8532,14,14,"71.5","KOR","KOR"
2016,2016,8507,14,14,"65.7","KOR","KOR"
2016,2016,8532,14,14,"71.7","KOR","KOR"
2017,2017,8507,14,14,"66.0","KOR","KOR"
2017,2017,8532,14,14,"72.0","KOR","KOR"
2007,2007,8507,15,15,"61.3","KOR","KOR"
2007,2007,8532,15,15,"67.9","KOR","KOR"
2008,2008,8507,15,15,"61.7","KOR","KOR"
2008,2008,8532,15,15,"68.4","KOR","KOR"
2009,2009,8507,15,15,"62.1","KOR","KOR"
2009,2009,8532,15,15,"68.8","KOR","KOR"
2010,2010,8507,15,15,"62.3","KOR","KOR"
2010,2010,8532,15,15,"69.0","KOR","KOR"
2011,2011,8507,15,15,"62.7","KOR","KOR"
2011,2011,8532,15,15,"69.3","KOR","KOR"
2012,2012,8507,15,15,"63.0","KOR","KOR"
2012,2012,8532,15,15,"69.5","KOR","KOR"
2013,2013,8507,15,15,"63.5","KOR","KOR"
2013,2013,8532,15,15,"70.0","KOR","KOR"
2014,2014,8507,15,15,"63.9","KOR","KOR"
2014,2014,8532,15,15,"70.4","KOR","KOR"
2015,2015,8507,15,15,"64.3","KOR","KOR"
2015,2015,8532,15,15,"70.5","KOR","KOR"
2016,2016,8507,15,15,"64.7","KOR","KOR"
2016,2016,8532,15,15,"70.7","KOR","KOR"
2017,2017,8507,15,15,"65.0","KOR","KOR"
2017,2017,8532,15,15,"71.0","KOR","KOR"
2007,2007,8507,16,16,"60.4","KOR","KOR"
2007,2007,8532,16,16,"66.9","KOR","KOR"
2008,2008,8507,16,16,"60.7","KOR","KOR"
2008,2008,8532,16,16,"67.4","KOR","KOR"
2009,2009,8507,16,16,"61.1","KOR","KOR"
2009,2009,8532,16,16,"67.8","KOR","KOR"
2010,2010,8507,16,16,"61.3","KOR","KOR"
2010,2010,8532,16,16,"68.0","KOR","KOR"
2011,2011,8507,16,16,"61.7","KOR","KOR"
2011,2011,8532,16,16,"68.3","KOR","KOR"
2012,2012,8507,16,16,"62.0","KOR","KOR"
2012,2012,8532,16,16,"68.5","KOR","KOR"
2013,2013,8507,16,16,"62.5","KOR","KOR"
2013,2013,8532,16,16,"69.0","KOR","KOR"
2014,2014,8507,16,16,"63.0","KOR","KOR"
2014,2014,8532,16,16,"69.4","KOR","KOR"
2015,2015,8507,16,16,"63.3","KOR","KOR"
2015,2015,8532,16,16,"69.5","KOR","KOR"
2016,2016,8507,16,16,"63.7","KOR","KOR"
2016,2016,8532,16,16,"69.7","KOR","KOR"
2017,2017,8507,16,16,"64.0","KOR","KOR"
2017,2017,8532,16,16,"70.0","KOR","KOR"
2007,2007,8507,17,17,"59.4","KOR","KOR"
2007,2007,8532,17,17,"65.9","KOR","KOR"
2008,2008,8507,17,17,"59.7","KOR","KOR"
2008,2008,8532,17,17,"66.4","KOR","KOR"
2009,2009,8507,17,17,"60.1","KOR","KOR"
2009,2009,8532,17,17,"66.8","KOR","KOR"
2010,2010,8507,17,17,"60.3","KOR","KOR"
2010,2010,8532,17,17,"67.0","KOR","KOR"
2011,2011,8507,17,17,"60.7","KOR","KOR"
2011,2011,8532,17,17,"67.4","KOR","KOR"
2012,2012,8507,17,17,"61.0","KOR","KOR"
2012,2012,8532,17,17,"67.5","KOR","KOR"
2013,2013,8507,17,17,"61.5","KOR","KOR"
2013,2013,8532,17,17,"68.0","KOR","KOR"
2014,2014,8507,17,17,"62.0","KOR","KOR"
2014,2014,8532,17,17,"68.4","KOR","KOR"
2015,2015,8507,17,17,"62.3","KOR","KOR"
2015,2015,8532,17,17,"68.5","KOR","KOR"
2016,2016,8507,17,17,"62.7","KOR","KOR"
2016,2016,8532,17,17,"68.7","KOR","KOR"
2017,2017,8507,17,17,"63.1","KOR","KOR"
2017,2017,8532,17,17,"69.0","KOR","KOR"
2007,2007,8507,18,18,"58.4","KOR","KOR"
2007,2007,8532,18,18,"64.9","KOR","KOR"
2008,2008,8507,18,18,"58.8","KOR","KOR"
2008,2008,8532,18,18,"65.4","KOR","KOR"
2009,2009,8507,18,18,"59.2","KOR","KOR"
2009,2009,8532,18,18,"65.8","KOR","KOR"
2010,2010,8507,18,18,"59.3","KOR","KOR"
2010,2010,8532,18,18,"66.0","KOR","KOR"
2011,2011,8507,18,18,"59.7","KOR","KOR"
2011,2011,8532,18,18,"66.4","KOR","KOR"
2012,2012,8507,18,18,"60.0","KOR","KOR"
2012,2012,8532,18,18,"66.6","KOR","KOR"
2013,2013,8507,18,18,"60.6","KOR","KOR"
2013,2013,8532,18,18,"67.0","KOR","KOR"
2014,2014,8507,18,18,"61.0","KOR","KOR"
2014,2014,8532,18,18,"67.4","KOR","KOR"
2015,2015,8507,18,18,"61.4","KOR","KOR"
2015,2015,8532,18,18,"67.5","KOR","KOR"
2016,2016,8507,18,18,"61.7","KOR","KOR"
2016,2016,8532,18,18,"67.8","KOR","KOR"
2017,2017,8507,18,18,"62.1","KOR","KOR"
2017,2017,8532,18,18,"68.0","KOR","KOR"
2007,2007,8507,19,19,"57.4","KOR","KOR"
2007,2007,8532,19,19,"63.9","KOR","KOR"
2008,2008,8507,19,19,"57.8","KOR","KOR"
2008,2008,8532,19,19,"64.4","KOR","KOR"
2009,2009,8507,19,19,"58.2","KOR","KOR"
2009,2009,8532,19,19,"64.9","KOR","KOR"
2010,2010,8507,19,19,"58.4","KOR","KOR"
2010,2010,8532,19,19,"65.0","KOR","KOR"
2011,2011,8507,19,19,"58.8","KOR","KOR"
2011,2011,8532,19,19,"65.4","KOR","KOR"
2012,2012,8507,19,19,"59.0","KOR","KOR"
2012,2012,8532,19,19,"65.6","KOR","KOR"
2013,2013,8507,19,19,"59.6","KOR","KOR"
2013,2013,8532,19,19,"66.0","KOR","KOR"
2014,2014,8507,19,19,"60.0","KOR","KOR"
2014,2014,8532,19,19,"66.4","KOR","KOR"
2015,2015,8507,19,19,"60.4","KOR","KOR"
2015,2015,8532,19,19,"66.5","KOR","KOR"
2016,2016,8507,19,19,"60.7","KOR","KOR"
2016,2016,8532,19,19,"66.8","KOR","KOR"
2017,2017,8507,19,19,"61.1","KOR","KOR"
2017,2017,8532,19,19,"67.1","KOR","KOR"
2007,2007,8507,20,20,"56.5","KOR","KOR"
2007,2007,8532,20,20,"63.0","KOR","KOR"
2008,2008,8507,20,20,"56.8","KOR","KOR"
2008,2008,8532,20,20,"63.5","KOR","KOR"
2009,2009,8507,20,20,"57.2","KOR","KOR"
2009,2009,8532,20,20,"63.9","KOR","KOR"
2010,2010,8507,20,20,"57.4","KOR","KOR"
2010,2010,8532,20,20,"64.1","KOR","KOR"
2011,2011,8507,20,20,"57.8","KOR","KOR"
2011,2011,8532,20,20,"64.4","KOR","KOR"
2012,2012,8507,20,20,"58.1","KOR","KOR"
2012,2012,8532,20,20,"64.6","KOR","KOR"
2013,2013,8507,20,20,"58.6","KOR","KOR"
2013,2013,8532,20,20,"65.0","KOR","KOR"
2014,2014,8507,20,20,"59.0","KOR","KOR"
2014,2014,8532,20,20,"65.4","KOR","KOR"
2015,2015,8507,20,20,"59.4","KOR","KOR"
2015,2015,8532,20,20,"65.5","KOR","KOR"
2016,2016,8507,20,20,"59.8","KOR","KOR"
2016,2016,8532,20,20,"65.8","KOR","KOR"
2017,2017,8507,20,20,"60.1","KOR","KOR"
2017,2017,8532,20,20,"66.1","KOR","KOR"
2007,2007,8507,21,21,"55.5","KOR","KOR"
2007,2007,8532,21,21,"62.0","KOR","KOR"
2008,2008,8507,21,21,"55.8","KOR","KOR"
2008,2008,8532,21,21,"62.5","KOR","KOR"
2009,2009,8507,21,21,"56.3","KOR","KOR"
2009,2009,8532,21,21,"62.9","KOR","KOR"
2010,2010,8507,21,21,"56.4","KOR","KOR"
2010,2010,8532,21,21,"63.1","KOR","KOR"
2011,2011,8507,21,21,"56.8","KOR","KOR"
2011,2011,8532,21,21,"63.4","KOR","KOR"
2012,2012,8507,21,21,"57.1","KOR","KOR"
2012,2012,8532,21,21,"63.6","KOR","KOR"
2013,2013,8507,21,21,"57.6","KOR","KOR"
2013,2013,8532,21,21,"64.0","KOR","KOR"
2014,2014,8507,21,21,"58.1","KOR","KOR"
2014,2014,8532,21,21,"64.4","KOR","KOR"
2015,2015,8507,21,21,"58.4","KOR","KOR"
2015,2015,8532,21,21,"64.5","KOR","KOR"
2016,2016,8507,21,21,"58.8","KOR","KOR"
2016,2016,8532,21,21,"64.8","KOR","KOR"
2017,2017,8507,21,21,"59.1","KOR","KOR"
2017,2017,8532,21,21,"65.1","KOR","KOR"
2007,2007,8507,22,22,"54.5","KOR","KOR"
2007,2007,8532,22,22,"61.0","KOR","KOR"
2008,2008,8507,22,22,"54.9","KOR","KOR"
2008,2008,8532,22,22,"61.5","KOR","KOR"
2009,2009,8507,22,22,"55.3","KOR","KOR"
2009,2009,8532,22,22,"61.9","KOR","KOR"
2010,2010,8507,22,22,"55.5","KOR","KOR"
2010,2010,8532,22,22,"62.1","KOR","KOR"
2011,2011,8507,22,22,"55.8","KOR","KOR"
2011,2011,8532,22,22,"62.4","KOR","KOR"
2012,2012,8507,22,22,"56.1","KOR","KOR"
2012,2012,8532,22,22,"62.6","KOR","KOR"
2013,2013,8507,22,22,"56.6","KOR","KOR"
2013,2013,8532,22,22,"63.0","KOR","KOR"
2014,2014,8507,22,22,"57.1","KOR","KOR"
2014,2014,8532,22,22,"63.5","KOR","KOR"
2015,2015,8507,22,22,"57.4","KOR","KOR"
2015,2015,8532,22,22,"63.6","KOR","KOR"
2016,2016,8507,22,22,"57.8","KOR","KOR"
2016,2016,8532,22,22,"63.8","KOR","KOR"
2017,2017,8507,22,22,"58.2","KOR","KOR"
2017,2017,8532,22,22,"64.1","KOR","KOR"
2007,2007,8507,23,23,"53.6","KOR","KOR"
2007,2007,8532,23,23,"60.0","KOR","KOR"
2008,2008,8507,23,23,"53.9","KOR","KOR"
2008,2008,8532,23,23,"60.5","KOR","KOR"
2009,2009,8507,23,23,"54.3","KOR","KOR"
2009,2009,8532,23,23,"60.9","KOR","KOR"
2010,2010,8507,23,23,"54.5","KOR","KOR"
2010,2010,8532,23,23,"61.1","KOR","KOR"
2011,2011,8507,23,23,"54.9","KOR","KOR"
2011,2011,8532,23,23,"61.5","KOR","KOR"
2012,2012,8507,23,23,"55.1","KOR","KOR"
2012,2012,8532,23,23,"61.6","KOR","KOR"
2013,2013,8507,23,23,"55.7","KOR","KOR"
2013,2013,8532,23,23,"62.0","KOR","KOR"
2014,2014,8507,23,23,"56.1","KOR","KOR"
2014,2014,8532,23,23,"62.5","KOR","KOR"
2015,2015,8507,23,23,"56.5","KOR","KOR"
2015,2015,8532,23,23,"62.6","KOR","KOR"
2016,2016,8507,23,23,"56.8","KOR","KOR"
2016,2016,8532,23,23,"62.8","KOR","KOR"
2017,2017,8507,23,23,"57.2","KOR","KOR"
2017,2017,8532,23,23,"63.1","KOR","KOR"
2007,2007,8507,24,24,"52.6","KOR","KOR"
2007,2007,8532,24,24,"59.0","KOR","KOR"
2008,2008,8507,24,24,"52.9","KOR","KOR"
2008,2008,8532,24,24,"59.5","KOR","KOR"
2009,2009,8507,24,24,"53.3","KOR","KOR"
2009,2009,8532,24,24,"60.0","KOR","KOR"
2010,2010,8507,24,24,"53.5","KOR","KOR"
2010,2010,8532,24,24,"60.1","KOR","KOR"
2011,2011,8507,24,24,"53.9","KOR","KOR"
2011,2011,8532,24,24,"60.5","KOR","KOR"
2012,2012,8507,24,24,"54.2","KOR","KOR"
2012,2012,8532,24,24,"60.6","KOR","KOR"
2013,2013,8507,24,24,"54.7","KOR","KOR"
2013,2013,8532,24,24,"61.1","KOR","KOR"
2014,2014,8507,24,24,"55.1","KOR","KOR"
2014,2014,8532,24,24,"61.5","KOR","KOR"
2015,2015,8507,24,24,"55.5","KOR","KOR"
2015,2015,8532,24,24,"61.6","KOR","KOR"
2016,2016,8507,24,24,"55.8","KOR","KOR"
2016,2016,8532,24,24,"61.8","KOR","KOR"
2017,2017,8507,24,24,"56.2","KOR","KOR"
2017,2017,8532,24,24,"62.1","KOR","KOR"
2007,2007,8507,25,25,"51.6","KOR","KOR"
2007,2007,8532,25,25,"58.1","KOR","KOR"
2008,2008,8507,25,25,"52.0","KOR","KOR"
2008,2008,8532,25,25,"58.6","KOR","KOR"
2009,2009,8507,25,25,"52.4","KOR","KOR"
2009,2009,8532,25,25,"59.0","KOR","KOR"
2010,2010,8507,25,25,"52.6","KOR","KOR"
2010,2010,8532,25,25,"59.2","KOR","KOR"
2011,2011,8507,25,25,"52.9","KOR","KOR"
2011,2011,8532,25,25,"59.5","KOR","KOR"
2012,2012,8507,25,25,"53.2","KOR","KOR"
2012,2012,8532,25,25,"59.7","KOR","KOR"
2013,2013,8507,25,25,"53.7","KOR","KOR"
2013,2013,8532,25,25,"60.1","KOR","KOR"
2014,2014,8507,25,25,"54.2","KOR","KOR"
2014,2014,8532,25,25,"60.5","KOR","KOR"
2015,2015,8507,25,25,"54.5","KOR","KOR"
2015,2015,8532,25,25,"60.6","KOR","KOR"
2016,2016,8507,25,25,"54.9","KOR","KOR"
2016,2016,8532,25,25,"60.9","KOR","KOR"
2017,2017,8507,25,25,"55.2","KOR","KOR"
2017,2017,8532,25,25,"61.1","KOR","KOR"
2007,2007,8507,26,26,"50.7","KOR","KOR"
2007,2007,8532,26,26,"57.1","KOR","KOR"
2008,2008,8507,26,26,"51.0","KOR","KOR"
2008,2008,8532,26,26,"57.6","KOR","KOR"
2009,2009,8507,26,26,"51.4","KOR","KOR"
2009,2009,8532,26,26,"58.0","KOR","KOR"
2010,2010,8507,26,26,"51.6","KOR","KOR"
2010,2010,8532,26,26,"58.2","KOR","KOR"
2011,2011,8507,26,26,"52.0","KOR","KOR"
2011,2011,8532,26,26,"58.5","KOR","KOR"
2012,2012,8507,26,26,"52.2","KOR","KOR"
2012,2012,8532,26,26,"58.7","KOR","KOR"
2013,2013,8507,26,26,"52.8","KOR","KOR"
2013,2013,8532,26,26,"59.1","KOR","KOR"
2014,2014,8507,26,26,"53.2","KOR","KOR"
2014,2014,8532,26,26,"59.5","KOR","KOR"
2015,2015,8507,26,26,"53.5","KOR","KOR"
2015,2015,8532,26,26,"59.6","KOR","KOR"
2016,2016,8507,26,26,"53.9","KOR","KOR"
2016,2016,8532,26,26,"59.9","KOR","KOR"
2017,2017,8507,26,26,"54.3","KOR","KOR"
2017,2017,8532,26,26,"60.1","KOR","KOR"
2007,2007,8507,27,27,"49.7","KOR","KOR"
2007,2007,8532,27,27,"56.1","KOR","KOR"
2008,2008,8507,27,27,"50.0","KOR","KOR"
2008,2008,8532,27,27,"56.6","KOR","KOR"
2009,2009,8507,27,27,"50.5","KOR","KOR"
2009,2009,8532,27,27,"57.1","KOR","KOR"
2010,2010,8507,27,27,"50.6","KOR","KOR"
2010,2010,8532,27,27,"57.2","KOR","KOR"
2011,2011,8507,27,27,"51.0","KOR","KOR"
2011,2011,8532,27,27,"57.5","KOR","KOR"
2012,2012,8507,27,27,"51.3","KOR","KOR"
2012,2012,8532,27,27,"57.7","KOR","KOR"
2013,2013,8507,27,27,"51.8","KOR","KOR"
2013,2013,8532,27,27,"58.1","KOR","KOR"
2014,2014,8507,27,27,"52.2","KOR","KOR"
2014,2014,8532,27,27,"58.5","KOR","KOR"
2015,2015,8507,27,27,"52.6","KOR","KOR"
2015,2015,8532,27,27,"58.6","KOR","KOR"
2016,2016,8507,27,27,"52.9","KOR","KOR"
2016,2016,8532,27,27,"58.9","KOR","KOR"
2017,2017,8507,27,27,"53.3","KOR","KOR"
2017,2017,8532,27,27,"59.2","KOR","KOR"
2007,2007,8507,28,28,"48.7","KOR","KOR"
2007,2007,8532,28,28,"55.2","KOR","KOR"
2008,2008,8507,28,28,"49.1","KOR","KOR"
2008,2008,8532,28,28,"55.6","KOR","KOR"
2009,2009,8507,28,28,"49.5","KOR","KOR"
2009,2009,8532,28,28,"56.1","KOR","KOR"
2010,2010,8507,28,28,"49.7","KOR","KOR"
2010,2010,8532,28,28,"56.2","KOR","KOR"
2011,2011,8507,28,28,"50.0","KOR","KOR"
2011,2011,8532,28,28,"56.6","KOR","KOR"
2012,2012,8507,28,28,"50.3","KOR","KOR"
2012,2012,8532,28,28,"56.7","KOR","KOR"
2013,2013,8507,28,28,"50.8","KOR","KOR"
2013,2013,8532,28,28,"57.1","KOR","KOR"
2014,2014,8507,28,28,"51.3","KOR","KOR"
2014,2014,8532,28,28,"57.5","KOR","KOR"
2015,2015,8507,28,28,"51.6","KOR","KOR"
2015,2015,8532,28,28,"57.7","KOR","KOR"
2016,2016,8507,28,28,"52.0","KOR","KOR"
2016,2016,8532,28,28,"57.9","KOR","KOR"
2017,2017,8507,28,28,"52.3","KOR","KOR"
2017,2017,8532,28,28,"58.2","KOR","KOR"
2007,2007,8507,29,29,"47.8","KOR","KOR"
2007,2007,8532,29,29,"54.2","KOR","KOR"
2008,2008,8507,29,29,"48.1","KOR","KOR"
2008,2008,8532,29,29,"54.7","KOR","KOR"
2009,2009,8507,29,29,"48.5","KOR","KOR"
2009,2009,8532,29,29,"55.1","KOR","KOR"
2010,2010,8507,29,29,"48.7","KOR","KOR"
2010,2010,8532,29,29,"55.3","KOR","KOR"
2011,2011,8507,29,29,"49.1","KOR","KOR"
2011,2011,8532,29,29,"55.6","KOR","KOR"
2012,2012,8507,29,29,"49.3","KOR","KOR"
2012,2012,8532,29,29,"55.7","KOR","KOR"
2013,2013,8507,29,29,"49.9","KOR","KOR"
2013,2013,8532,29,29,"56.2","KOR","KOR"
2014,2014,8507,29,29,"50.3","KOR","KOR"
2014,2014,8532,29,29,"56.6","KOR","KOR"
2015,2015,8507,29,29,"50.6","KOR","KOR"
2015,2015,8532,29,29,"56.7","KOR","KOR"
2016,2016,8507,29,29,"51.0","KOR","KOR"
2016,2016,8532,29,29,"56.9","KOR","KOR"
2017,2017,8507,29,29,"51.3","KOR","KOR"
2017,2017,8532,29,29,"57.2","KOR","KOR"
2007,2007,8507,30,30,"46.8","KOR","KOR"
2007,2007,8532,30,30,"53.2","KOR","KOR"
2008,2008,8507,30,30,"47.1","KOR","KOR"
2008,2008,8532,30,30,"53.7","KOR","KOR"
2009,2009,8507,30,30,"47.6","KOR","KOR"
2009,2009,8532,30,30,"54.1","KOR","KOR"
2010,2010,8507,30,30,"47.7","KOR","KOR"
2010,2010,8532,30,30,"54.3","KOR","KOR"
2011,2011,8507,30,30,"48.1","KOR","KOR"
2011,2011,8532,30,30,"54.6","KOR","KOR"
2012,2012,8507,30,30,"48.4","KOR","KOR"
2012,2012,8532,30,30,"54.8","KOR","KOR"
2013,2013,8507,30,30,"48.9","KOR","KOR"
2013,2013,8532,30,30,"55.2","KOR","KOR"
2014,2014,8507,30,30,"49.3","KOR","KOR"
2014,2014,8532,30,30,"55.6","KOR","KOR"
2015,2015,8507,30,30,"49.7","KOR","KOR"
2015,2015,8532,30,30,"55.7","KOR","KOR"
2016,2016,8507,30,30,"50.0","KOR","KOR"
2016,2016,8532,30,30,"55.9","KOR","KOR"
2017,2017,8507,30,30,"50.4","KOR","KOR"
2017,2017,8532,30,30,"56.2","KOR","KOR"
2007,2007,8507,31,31,"45.8","KOR","KOR"
2007,2007,8532,31,31,"52.2","KOR","KOR"
2008,2008,8507,31,31,"46.2","KOR","KOR"
2008,2008,8532,31,31,"52.7","KOR","KOR"
2009,2009,8507,31,31,"46.6","KOR","KOR"
2009,2009,8532,31,31,"53.2","KOR","KOR"
2010,2010,8507,31,31,"46.8","KOR","KOR"
2010,2010,8532,31,31,"53.3","KOR","KOR"
2011,2011,8507,31,31,"47.2","KOR","KOR"
2011,2011,8532,31,31,"53.6","KOR","KOR"
2012,2012,8507,31,31,"47.4","KOR","KOR"
2012,2012,8532,31,31,"53.8","KOR","KOR"
2013,2013,8507,31,31,"47.9","KOR","KOR"
2013,2013,8532,31,31,"54.2","KOR","KOR"
2014,2014,8507,31,31,"48.4","KOR","KOR"
2014,2014,8532,31,31,"54.6","KOR","KOR"
2015,2015,8507,31,31,"48.7","KOR","KOR"
2015,2015,8532,31,31,"54.7","KOR","KOR"
2016,2016,8507,31,31,"49.1","KOR","KOR"
2016,2016,8532,31,31,"55.0","KOR","KOR"
2017,2017,8507,31,31,"49.4","KOR","KOR"
2017,2017,8532,31,31,"55.2","KOR","KOR"
2007,2007,8507,32,32,"44.9","KOR","KOR"
2007,2007,8532,32,32,"51.3","KOR","KOR"
2008,2008,8507,32,32,"45.2","KOR","KOR"
2008,2008,8532,32,32,"51.8","KOR","KOR"
2009,2009,8507,32,32,"45.7","KOR","KOR"
2009,2009,8532,32,32,"52.2","KOR","KOR"
2010,2010,8507,32,32,"45.8","KOR","KOR"
2010,2010,8532,32,32,"52.4","KOR","KOR"
2011,2011,8507,32,32,"46.2","KOR","KOR"
2011,2011,8532,32,32,"52.7","KOR","KOR"
2012,2012,8507,32,32,"46.4","KOR","KOR"
2012,2012,8532,32,32,"52.8","KOR","KOR"
2013,2013,8507,32,32,"47.0","KOR","KOR"
2013,2013,8532,32,32,"53.2","KOR","KOR"
2014,2014,8507,32,32,"47.4","KOR","KOR"
2014,2014,8532,32,32,"53.6","KOR","KOR"
2015,2015,8507,32,32,"47.7","KOR","KOR"
2015,2015,8532,32,32,"53.7","KOR","KOR"
2016,2016,8507,32,32,"48.1","KOR","KOR"
2016,2016,8532,32,32,"54.0","KOR","KOR"
2017,2017,8507,32,32,"48.4","KOR","KOR"
2017,2017,8532,32,32,"54.3","KOR","KOR"
2007,2007,8507,33,33,"43.9","KOR","KOR"
2007,2007,8532,33,33,"50.3","KOR","KOR"
2008,2008,8507,33,33,"44.2","KOR","KOR"
2008,2008,8532,33,33,"50.8","KOR","KOR"
2009,2009,8507,33,33,"44.7","KOR","KOR"
2009,2009,8532,33,33,"51.2","KOR","KOR"
2010,2010,8507,33,33,"44.9","KOR","KOR"
2010,2010,8532,33,33,"51.4","KOR","KOR"
2011,2011,8507,33,33,"45.2","KOR","KOR"
2011,2011,8532,33,33,"51.7","KOR","KOR"
2012,2012,8507,33,33,"45.5","KOR","KOR"
2012,2012,8532,33,33,"51.8","KOR","KOR"
2013,2013,8507,33,33,"46.0","KOR","KOR"
2013,2013,8532,33,33,"52.3","KOR","KOR"
2014,2014,8507,33,33,"46.4","KOR","KOR"
2014,2014,8532,33,33,"52.7","KOR","KOR"
2015,2015,8507,33,33,"46.8","KOR","KOR"
2015,2015,8532,33,33,"52.8","KOR","KOR"
2016,2016,8507,33,33,"47.1","KOR","KOR"
2016,2016,8532,33,33,"53.0","KOR","KOR"
2017,2017,8507,33,33,"47.5","KOR","KOR"
2017,2017,8532,33,33,"53.3","KOR","KOR"
2007,2007,8507,34,34,"42.9","KOR","KOR"
2007,2007,8532,34,34,"49.3","KOR","KOR"
2008,2008,8507,34,34,"43.3","KOR","KOR"
2008,2008,8532,34,34,"49.8","KOR","KOR"
2009,2009,8507,34,34,"43.7","KOR","KOR"
2009,2009,8532,34,34,"50.3","KOR","KOR"
2010,2010,8507,34,34,"43.9","KOR","KOR"
2010,2010,8532,34,34,"50.4","KOR","KOR"
2011,2011,8507,34,34,"44.3","KOR","KOR"
2011,2011,8532,34,34,"50.7","KOR","KOR"
2012,2012,8507,34,34,"44.5","KOR","KOR"
2012,2012,8532,34,34,"50.9","KOR","KOR"
2013,2013,8507,34,34,"45.0","KOR","KOR"
2013,2013,8532,34,34,"51.3","KOR","KOR"
2014,2014,8507,34,34,"45.5","KOR","KOR"
2014,2014,8532,34,34,"51.7","KOR","KOR"
2015,2015,8507,34,34,"45.8","KOR","KOR"
2015,2015,8532,34,34,"51.8","KOR","KOR"
2016,2016,8507,34,34,"46.2","KOR","KOR"
2016,2016,8532,34,34,"52.0","KOR","KOR"
2017,2017,8507,34,34,"46.5","KOR","KOR"
2017,2017,8532,34,34,"52.3","KOR","KOR"
2007,2007,8507,35,35,"42.0","KOR","KOR"
2007,2007,8532,35,35,"48.4","KOR","KOR"
2008,2008,8507,35,35,"42.3","KOR","KOR"
2008,2008,8532,35,35,"48.8","KOR","KOR"
2009,2009,8507,35,35,"42.8","KOR","KOR"
2009,2009,8532,35,35,"49.3","KOR","KOR"
2010,2010,8507,35,35,"42.9","KOR","KOR"
2010,2010,8532,35,35,"49.4","KOR","KOR"
2011,2011,8507,35,35,"43.3","KOR","KOR"
2011,2011,8532,35,35,"49.8","KOR","KOR"
2012,2012,8507,35,35,"43.6","KOR","KOR"
2012,2012,8532,35,35,"49.9","KOR","KOR"
2013,2013,8507,35,35,"44.1","KOR","KOR"
2013,2013,8532,35,35,"50.3","KOR","KOR"
2014,2014,8507,35,35,"44.5","KOR","KOR"
2014,2014,8532,35,35,"50.7","KOR","KOR"
2015,2015,8507,35,35,"44.8","KOR","KOR"
2015,2015,8532,35,35,"50.8","KOR","KOR"
2016,2016,8507,35,35,"45.2","KOR","KOR"
2016,2016,8532,35,35,"51.1","KOR","KOR"
2017,2017,8507,35,35,"45.5","KOR","KOR"
2017,2017,8532,35,35,"51.3","KOR","KOR"
2007,2007,8507,36,36,"41.0","KOR","KOR"
2007,2007,8532,36,36,"47.4","KOR","KOR"
2008,2008,8507,36,36,"41.4","KOR","KOR"
2008,2008,8532,36,36,"47.9","KOR","KOR"
2009,2009,8507,36,36,"41.8","KOR","KOR"
2009,2009,8532,36,36,"48.3","KOR","KOR"
2010,2010,8507,36,36,"42.0","KOR","KOR"
2010,2010,8532,36,36,"48.5","KOR","KOR"
2011,2011,8507,36,36,"42.4","KOR","KOR"
2011,2011,8532,36,36,"48.8","KOR","KOR"
2012,2012,8507,36,36,"42.6","KOR","KOR"
2012,2012,8532,36,36,"48.9","KOR","KOR"
2013,2013,8507,36,36,"43.1","KOR","KOR"
2013,2013,8532,36,36,"49.3","KOR","KOR"
2014,2014,8507,36,36,"43.5","KOR","KOR"
2014,2014,8532,36,36,"49.7","KOR","KOR"
2015,2015,8507,36,36,"43.9","KOR","KOR"
2015,2015,8532,36,36,"49.9","KOR","KOR"
2016,2016,8507,36,36,"44.2","KOR","KOR"
2016,2016,8532,36,36,"50.1","KOR","KOR"
2017,2017,8507,36,36,"44.6","KOR","KOR"
2017,2017,8532,36,36,"50.3","KOR","KOR"
2007,2007,8507,37,37,"40.1","KOR","KOR"
2007,2007,8532,37,37,"46.4","KOR","KOR"
2008,2008,8507,37,37,"40.4","KOR","KOR"
2008,2008,8532,37,37,"46.9","KOR","KOR"
2009,2009,8507,37,37,"40.9","KOR","KOR"
2009,2009,8532,37,37,"47.4","KOR","KOR"
2010,2010,8507,37,37,"41.0","KOR","KOR"
2010,2010,8532,37,37,"47.5","KOR","KOR"
2011,2011,8507,37,37,"41.4","KOR","KOR"
2011,2011,8532,37,37,"47.8","KOR","KOR"
2012,2012,8507,37,37,"41.7","KOR","KOR"
2012,2012,8532,37,37,"48.0","KOR","KOR"
2013,2013,8507,37,37,"42.2","KOR","KOR"
2013,2013,8532,37,37,"48.4","KOR","KOR"
2014,2014,8507,37,37,"42.6","KOR","KOR"
2014,2014,8532,37,37,"48.8","KOR","KOR"
2015,2015,8507,37,37,"42.9","KOR","KOR"
2015,2015,8532,37,37,"48.9","KOR","KOR"
2016,2016,8507,37,37,"43.3","KOR","KOR"
2016,2016,8532,37,37,"49.1","KOR","KOR"
2017,2017,8507,37,37,"43.6","KOR","KOR"
2017,2017,8532,37,37,"49.4","KOR","KOR"
2007,2007,8507,38,38,"39.1","KOR","KOR"
2007,2007,8532,38,38,"45.5","KOR","KOR"
2008,2008,8507,38,38,"39.5","KOR","KOR"
2008,2008,8532,38,38,"45.9","KOR","KOR"
2009,2009,8507,38,38,"39.9","KOR","KOR"
2009,2009,8532,38,38,"46.4","KOR","KOR"
2010,2010,8507,38,38,"40.1","KOR","KOR"
2010,2010,8532,38,38,"46.5","KOR","KOR"
2011,2011,8507,38,38,"40.5","KOR","KOR"
2011,2011,8532,38,38,"46.8","KOR","KOR"
2012,2012,8507,38,38,"40.7","KOR","KOR"
2012,2012,8532,38,38,"47.0","KOR","KOR"
2013,2013,8507,38,38,"41.2","KOR","KOR"
2013,2013,8532,38,38,"47.4","KOR","KOR"
2014,2014,8507,38,38,"41.6","KOR","KOR"
2014,2014,8532,38,38,"47.8","KOR","KOR"
2015,2015,8507,38,38,"42.0","KOR","KOR"
2015,2015,8532,38,38,"47.9","KOR","KOR"
2016,2016,8507,38,38,"42.3","KOR","KOR"
2016,2016,8532,38,38,"48.1","KOR","KOR"
2017,2017,8507,38,38,"42.7","KOR","KOR"
2017,2017,8532,38,38,"48.4","KOR","KOR"
2007,2007,8507,39,39,"38.2","KOR","KOR"
2007,2007,8532,39,39,"44.5","KOR","KOR"
2008,2008,8507,39,39,"38.5","KOR","KOR"
2008,2008,8532,39,39,"45.0","KOR","KOR"
2009,2009,8507,39,39,"39.0","KOR","KOR"
2009,2009,8532,39,39,"45.4","KOR","KOR"
2010,2010,8507,39,39,"39.1","KOR","KOR"
2010,2010,8532,39,39,"45.6","KOR","KOR"
2011,2011,8507,39,39,"39.5","KOR","KOR"
2011,2011,8532,39,39,"45.9","KOR","KOR"
2012,2012,8507,39,39,"39.8","KOR","KOR"
2012,2012,8532,39,39,"46.0","KOR","KOR"
2013,2013,8507,39,39,"40.3","KOR","KOR"
2013,2013,8532,39,39,"46.4","KOR","KOR"
2014,2014,8507,39,39,"40.7","KOR","KOR"
2014,2014,8532,39,39,"46.8","KOR","KOR"
2015,2015,8507,39,39,"41.0","KOR","KOR"
2015,2015,8532,39,39,"46.9","KOR","KOR"
2016,2016,8507,39,39,"41.3","KOR","KOR"
2016,2016,8532,39,39,"47.2","KOR","KOR"
2017,2017,8507,39,39,"41.7","KOR","KOR"
2017,2017,8532,39,39,"47.4","KOR","KOR"
2007,2007,8507,40,40,"37.2","KOR","KOR"
2007,2007,8532,40,40,"43.5","KOR","KOR"
2008,2008,8507,40,40,"37.6","KOR","KOR"
2008,2008,8532,40,40,"44.0","KOR","KOR"
2009,2009,8507,40,40,"38.1","KOR","KOR"
2009,2009,8532,40,40,"44.5","KOR","KOR"
2010,2010,8507,40,40,"38.2","KOR","KOR"
2010,2010,8532,40,40,"44.6","KOR","KOR"
2011,2011,8507,40,40,"38.6","KOR","KOR"
2011,2011,8532,40,40,"44.9","KOR","KOR"
2012,2012,8507,40,40,"38.8","KOR","KOR"
2012,2012,8532,40,40,"45.0","KOR","KOR"
2013,2013,8507,40,40,"39.3","KOR","KOR"
2013,2013,8532,40,40,"45.5","KOR","KOR"
2014,2014,8507,40,40,"39.7","KOR","KOR"
2014,2014,8532,40,40,"45.9","KOR","KOR"
2015,2015,8507,40,40,"40.1","KOR","KOR"
2015,2015,8532,40,40,"46.0","KOR","KOR"
2016,2016,8507,40,40,"40.4","KOR","KOR"
2016,2016,8532,40,40,"46.2","KOR","KOR"
2017,2017,8507,40,40,"40.7","KOR","KOR"
2017,2017,8532,40,40,"46.5","KOR","KOR"
2007,2007,8507,41,41,"36.3","KOR","KOR"
2007,2007,8532,41,41,"42.6","KOR","KOR"
2008,2008,8507,41,41,"36.7","KOR","KOR"
2008,2008,8532,41,41,"43.0","KOR","KOR"
2009,2009,8507,41,41,"37.1","KOR","KOR"
2009,2009,8532,41,41,"43.5","KOR","KOR"
2010,2010,8507,41,41,"37.3","KOR","KOR"
2010,2010,8532,41,41,"43.6","KOR","KOR"
2011,2011,8507,41,41,"37.6","KOR","KOR"
2011,2011,8532,41,41,"43.9","KOR","KOR"
2012,2012,8507,41,41,"37.9","KOR","KOR"
2012,2012,8532,41,41,"44.1","KOR","KOR"
2013,2013,8507,41,41,"38.4","KOR","KOR"
2013,2013,8532,41,41,"44.5","KOR","KOR"
2014,2014,8507,41,41,"38.8","KOR","KOR"
2014,2014,8532,41,41,"44.9","KOR","KOR"
2015,2015,8507,41,41,"39.1","KOR","KOR"
2015,2015,8532,41,41,"45.0","KOR","KOR"
2016,2016,8507,41,41,"39.5","KOR","KOR"
2016,2016,8532,41,41,"45.2","KOR","KOR"
2017,2017,8507,41,41,"39.8","KOR","KOR"
2017,2017,8532,41,41,"45.5","KOR","KOR"
2007,2007,8507,42,42,"35.4","KOR","KOR"
2007,2007,8532,42,42,"41.6","KOR","KOR"
2008,2008,8507,42,42,"35.7","KOR","KOR"
2008,2008,8532,42,42,"42.1","KOR","KOR"
2009,2009,8507,42,42,"36.2","KOR","KOR"
2009,2009,8532,42,42,"42.6","KOR","KOR"
2010,2010,8507,42,42,"36.3","KOR","KOR"
2010,2010,8532,42,42,"42.7","KOR","KOR"
2011,2011,8507,42,42,"36.7","KOR","KOR"
2011,2011,8532,42,42,"43.0","KOR","KOR"
2012,2012,8507,42,42,"36.9","KOR","KOR"
2012,2012,8532,42,42,"43.1","KOR","KOR"
2013,2013,8507,42,42,"37.5","KOR","KOR"
2013,2013,8532,42,42,"43.5","KOR","KOR"
2014,2014,8507,42,42,"37.9","KOR","KOR"
2014,2014,8532,42,42,"43.9","KOR","KOR"
2015,2015,8507,42,42,"38.2","KOR","KOR"
2015,2015,8532,42,42,"44.0","KOR","KOR"
2016,2016,8507,42,42,"38.5","KOR","KOR"
2016,2016,8532,42,42,"44.3","KOR","KOR"
2017,2017,8507,42,42,"38.8","KOR","KOR"
2017,2017,8532,42,42,"44.5","KOR","KOR"
2007,2007,8507,43,43,"34.5","KOR","KOR"
2007,2007,8532,43,43,"40.6","KOR","KOR"
2008,2008,8507,43,43,"34.8","KOR","KOR"
2008,2008,8532,43,43,"41.1","KOR","KOR"
2009,2009,8507,43,43,"35.3","KOR","KOR"
2009,2009,8532,43,43,"41.6","KOR","KOR"
2010,2010,8507,43,43,"35.4","KOR","KOR"
2010,2010,8532,43,43,"41.7","KOR","KOR"
2011,2011,8507,43,43,"35.8","KOR","KOR"
2011,2011,8532,43,43,"42.0","KOR","KOR"
2012,2012,8507,43,43,"36.0","KOR","KOR"
2012,2012,8532,43,43,"42.2","KOR","KOR"
2013,2013,8507,43,43,"36.5","KOR","KOR"
2013,2013,8532,43,43,"42.6","KOR","KOR"
2014,2014,8507,43,43,"36.9","KOR","KOR"
2014,2014,8532,43,43,"43.0","KOR","KOR"
2015,2015,8507,43,43,"37.2","KOR","KOR"
2015,2015,8532,43,43,"43.1","KOR","KOR"
2016,2016,8507,43,43,"37.6","KOR","KOR"
2016,2016,8532,43,43,"43.3","KOR","KOR"
2017,2017,8507,43,43,"37.9","KOR","KOR"
2017,2017,8532,43,43,"43.6","KOR","KOR"
2007,2007,8507,44,44,"33.6","KOR","KOR"
2007,2007,8532,44,44,"39.7","KOR","KOR"
2008,2008,8507,44,44,"33.9","KOR","KOR"
2008,2008,8532,44,44,"40.2","KOR","KOR"
2009,2009,8507,44,44,"34.4","KOR","KOR"
2009,2009,8532,44,44,"40.6","KOR","KOR"
2010,2010,8507,44,44,"34.5","KOR","KOR"
2010,2010,8532,44,44,"40.8","KOR","KOR"
2011,2011,8507,44,44,"34.9","KOR","KOR"
2011,2011,8532,44,44,"41.1","KOR","KOR"
2012,2012,8507,44,44,"35.1","KOR","KOR"
2012,2012,8532,44,44,"41.2","KOR","KOR"
2013,2013,8507,44,44,"35.6","KOR","KOR"
2013,2013,8532,44,44,"41.6","KOR","KOR"
2014,2014,8507,44,44,"36.0","KOR","KOR"
2014,2014,8532,44,44,"42.0","KOR","KOR"
2015,2015,8507,44,44,"36.3","KOR","KOR"
2015,2015,8532,44,44,"42.1","KOR","KOR"
2016,2016,8507,44,44,"36.6","KOR","KOR"
2016,2016,8532,44,44,"42.3","KOR","KOR"
2017,2017,8507,44,44,"37.0","KOR","KOR"
2017,2017,8532,44,44,"42.6","KOR","KOR"
2007,2007,8507,45,45,"32.7","KOR","KOR"
2007,2007,8532,45,45,"38.7","KOR","KOR"
2008,2008,8507,45,45,"33.0","KOR","KOR"
2008,2008,8532,45,45,"39.2","KOR","KOR"
2009,2009,8507,45,45,"33.5","KOR","KOR"
2009,2009,8532,45,45,"39.7","KOR","KOR"
2010,2010,8507,45,45,"33.6","KOR","KOR"
2010,2010,8532,45,45,"39.8","KOR","KOR"
2011,2011,8507,45,45,"33.9","KOR","KOR"
2011,2011,8532,45,45,"40.1","KOR","KOR"
2012,2012,8507,45,45,"34.2","KOR","KOR"
2012,2012,8532,45,45,"40.2","KOR","KOR"
2013,2013,8507,45,45,"34.7","KOR","KOR"
2013,2013,8532,45,45,"40.6","KOR","KOR"
2014,2014,8507,45,45,"35.1","KOR","KOR"
2014,2014,8532,45,45,"41.0","KOR","KOR"
2015,2015,8507,45,45,"35.4","KOR","KOR"
2015,2015,8532,45,45,"41.1","KOR","KOR"
2016,2016,8507,45,45,"35.7","KOR","KOR"
2016,2016,8532,45,45,"41.4","KOR","KOR"
2017,2017,8507,45,45,"36.0","KOR","KOR"
2017,2017,8532,45,45,"41.6","KOR","KOR"
2007,2007,8507,46,46,"31.8","KOR","KOR"
2007,2007,8532,46,46,"37.8","KOR","KOR"
2008,2008,8507,46,46,"32.1","KOR","KOR"
2008,2008,8532,46,46,"38.3","KOR","KOR"
2009,2009,8507,46,46,"32.6","KOR","KOR"
2009,2009,8532,46,46,"38.7","KOR","KOR"
2010,2010,8507,46,46,"32.7","KOR","KOR"
2010,2010,8532,46,46,"38.9","KOR","KOR"
2011,2011,8507,46,46,"33.0","KOR","KOR"
2011,2011,8532,46,46,"39.2","KOR","KOR"
2012,2012,8507,46,46,"33.2","KOR","KOR"
2012,2012,8532,46,46,"39.3","KOR","KOR"
2013,2013,8507,46,46,"33.8","KOR","KOR"
2013,2013,8532,46,46,"39.7","KOR","KOR"
2014,2014,8507,46,46,"34.1","KOR","KOR"
2014,2014,8532,46,46,"40.1","KOR","KOR"
2015,2015,8507,46,46,"34.4","KOR","KOR"
2015,2015,8532,46,46,"40.2","KOR","KOR"
2016,2016,8507,46,46,"34.8","KOR","KOR"
2016,2016,8532,46,46,"40.4","KOR","KOR"
2017,2017,8507,46,46,"35.1","KOR","KOR"
2017,2017,8532,46,46,"40.7","KOR","KOR"
2007,2007,8507,47,47,"30.9","KOR","KOR"
2007,2007,8532,47,47,"36.8","KOR","KOR"
2008,2008,8507,47,47,"31.2","KOR","KOR"
2008,2008,8532,47,47,"37.3","KOR","KOR"
2009,2009,8507,47,47,"31.7","KOR","KOR"
2009,2009,8532,47,47,"37.8","KOR","KOR"
2010,2010,8507,47,47,"31.8","KOR","KOR"
2010,2010,8532,47,47,"37.9","KOR","KOR"
2011,2011,8507,47,47,"32.1","KOR","KOR"
2011,2011,8532,47,47,"38.2","KOR","KOR"
2012,2012,8507,47,47,"32.3","KOR","KOR"
2012,2012,8532,47,47,"38.3","KOR","KOR"
2013,2013,8507,47,47,"32.9","KOR","KOR"
2013,2013,8532,47,47,"38.7","KOR","KOR"
2014,2014,8507,47,47,"33.2","KOR","KOR"
2014,2014,8532,47,47,"39.1","KOR","KOR"
2015,2015,8507,47,47,"33.5","KOR","KOR"
2015,2015,8532,47,47,"39.2","KOR","KOR"
2016,2016,8507,47,47,"33.9","KOR","KOR"
2016,2016,8532,47,47,"39.5","KOR","KOR"
2017,2017,8507,47,47,"34.2","KOR","KOR"
2017,2017,8532,47,47,"39.7","KOR","KOR"
2007,2007,8507,48,48,"30.0","KOR","KOR"
2007,2007,8532,48,48,"35.9","KOR","KOR"
2008,2008,8507,48,48,"30.3","KOR","KOR"
2008,2008,8532,48,48,"36.4","KOR","KOR"
2009,2009,8507,48,48,"30.8","KOR","KOR"
2009,2009,8532,48,48,"36.8","KOR","KOR"
2010,2010,8507,48,48,"30.9","KOR","KOR"
2010,2010,8532,48,48,"37.0","KOR","KOR"
2011,2011,8507,48,48,"31.2","KOR","KOR"
2011,2011,8532,48,48,"37.2","KOR","KOR"
2012,2012,8507,48,48,"31.4","KOR","KOR"
2012,2012,8532,48,48,"37.4","KOR","KOR"
2013,2013,8507,48,48,"32.0","KOR","KOR"
2013,2013,8532,48,48,"37.8","KOR","KOR"
2014,2014,8507,48,48,"32.3","KOR","KOR"
2014,2014,8532,48,48,"38.2","KOR","KOR"
2015,2015,8507,48,48,"32.6","KOR","KOR"
2015,2015,8532,48,48,"38.3","KOR","KOR"
2016,2016,8507,48,48,"32.9","KOR","KOR"
2016,2016,8532,48,48,"38.5","KOR","KOR"
2017,2017,8507,48,48,"33.3","KOR","KOR"
2017,2017,8532,48,48,"38.8","KOR","KOR"
2007,2007,8507,49,49,"29.1","KOR","KOR"
2007,2007,8532,49,49,"34.9","KOR","KOR"
2008,2008,8507,49,49,"29.4","KOR","KOR"
2008,2008,8532,49,49,"35.4","KOR","KOR"
2009,2009,8507,49,49,"29.9","KOR","KOR"
2009,2009,8532,49,49,"35.9","KOR","KOR"
2010,2010,8507,49,49,"30.0","KOR","KOR"
2010,2010,8532,49,49,"36.0","KOR","KOR"
2011,2011,8507,49,49,"30.3","KOR","KOR"
2011,2011,8532,49,49,"36.3","KOR","KOR"
2012,2012,8507,49,49,"30.6","KOR","KOR"
2012,2012,8532,49,49,"36.4","KOR","KOR"
2013,2013,8507,49,49,"31.1","KOR","KOR"
2013,2013,8532,49,49,"36.8","KOR","KOR"
2014,2014,8507,49,49,"31.4","KOR","KOR"
2014,2014,8532,49,49,"37.2","KOR","KOR"
2015,2015,8507,49,49,"31.7","KOR","KOR"
2015,2015,8532,49,49,"37.3","KOR","KOR"
2016,2016,8507,49,49,"32.0","KOR","KOR"
2016,2016,8532,49,49,"37.5","KOR","KOR"
2017,2017,8507,49,49,"32.4","KOR","KOR"
2017,2017,8532,49,49,"37.8","KOR","KOR"
2007,2007,8507,50,50,"28.2","KOR","KOR"
2007,2007,8532,50,50,"34.0","KOR","KOR"
2008,2008,8507,50,50,"28.6","KOR","KOR"
2008,2008,8532,50,50,"34.5","KOR","KOR"
2009,2009,8507,50,50,"29.0","KOR","KOR"
2009,2009,8532,50,50,"34.9","KOR","KOR"
2010,2010,8507,50,50,"29.2","KOR","KOR"
2010,2010,8532,50,50,"35.1","KOR","KOR"
2011,2011,8507,50,50,"29.5","KOR","KOR"
2011,2011,8532,50,50,"35.4","KOR","KOR"
2012,2012,8507,50,50,"29.7","KOR","KOR"
2012,2012,8532,50,50,"35.5","KOR","KOR"
2013,2013,8507,50,50,"30.2","KOR","KOR"
2013,2013,8532,50,50,"35.9","KOR","KOR"
2014,2014,8507,50,50,"30.5","KOR","KOR"
2014,2014,8532,50,50,"36.3","KOR","KOR"
2015,2015,8507,50,50,"30.8","KOR","KOR"
2015,2015,8532,50,50,"36.4","KOR","KOR"
2016,2016,8507,50,50,"31.1","KOR","KOR"
2016,2016,8532,50,50,"36.6","KOR","KOR"
2017,2017,8507,50,50,"31.4","KOR","KOR"
2017,2017,8532,50,50,"36.8","KOR","KOR"
2007,2007,8507,51,51,"27.4","KOR","KOR"
2007,2007,8532,51,51,"33.0","KOR","KOR"
2008,2008,8507,51,51,"27.7","KOR","KOR"
2008,2008,8532,51,51,"33.5","KOR","KOR"
2009,2009,8507,51,51,"28.2","KOR","KOR"
2009,2009,8532,51,51,"34.0","KOR","KOR"
2010,2010,8507,51,51,"28.3","KOR","KOR"
2010,2010,8532,51,51,"34.1","KOR","KOR"
2011,2011,8507,51,51,"28.6","KOR","KOR"
2011,2011,8532,51,51,"34.4","KOR","KOR"
2012,2012,8507,51,51,"28.8","KOR","KOR"
2012,2012,8532,51,51,"34.5","KOR","KOR"
2013,2013,8507,51,51,"29.3","KOR","KOR"
2013,2013,8532,51,51,"34.9","KOR","KOR"
2014,2014,8507,51,51,"29.7","KOR","KOR"
2014,2014,8532,51,51,"35.3","KOR","KOR"
2015,2015,8507,51,51,"29.9","KOR","KOR"
2015,2015,8532,51,51,"35.4","KOR","KOR"
2016,2016,8507,51,51,"30.2","KOR","KOR"
2016,2016,8532,51,51,"35.6","KOR","KOR"
2017,2017,8507,51,51,"30.6","KOR","KOR"
2017,2017,8532,51,51,"35.9","KOR","KOR"
2007,2007,8507,52,52,"26.5","KOR","KOR"
2007,2007,8532,52,52,"32.1","KOR","KOR"
2008,2008,8507,52,52,"26.8","KOR","KOR"
2008,2008,8532,52,52,"32.6","KOR","KOR"
2009,2009,8507,52,52,"27.3","KOR","KOR"
2009,2009,8532,52,52,"33.0","KOR","KOR"
2010,2010,8507,52,52,"27.4","KOR","KOR"
2010,2010,8532,52,52,"33.2","KOR","KOR"
2011,2011,8507,52,52,"27.7","KOR","KOR"
2011,2011,8532,52,52,"33.5","KOR","KOR"
2012,2012,8507,52,52,"27.9","KOR","KOR"
2012,2012,8532,52,52,"33.6","KOR","KOR"
2013,2013,8507,52,52,"28.4","KOR","KOR"
2013,2013,8532,52,52,"34.0","KOR","KOR"
2014,2014,8507,52,52,"28.8","KOR","KOR"
2014,2014,8532,52,52,"34.4","KOR","KOR"
2015,2015,8507,52,52,"29.1","KOR","KOR"
2015,2015,8532,52,52,"34.5","KOR","KOR"
2016,2016,8507,52,52,"29.4","KOR","KOR"
2016,2016,8532,52,52,"34.7","KOR","KOR"
2017,2017,8507,52,52,"29.7","KOR","KOR"
2017,2017,8532,52,52,"34.9","KOR","KOR"
2007,2007,8507,53,53,"25.7","KOR","KOR"
2007,2007,8532,53,53,"31.2","KOR","KOR"
2008,2008,8507,53,53,"26.0","KOR","KOR"
2008,2008,8532,53,53,"31.6","KOR","KOR"
2009,2009,8507,53,53,"26.5","KOR","KOR"
2009,2009,8532,53,53,"32.1","KOR","KOR"
2010,2010,8507,53,53,"26.6","KOR","KOR"
2010,2010,8532,53,53,"32.2","KOR","KOR"
2011,2011,8507,53,53,"26.9","KOR","KOR"
2011,2011,8532,53,53,"32.5","KOR","KOR"
2012,2012,8507,53,53,"27.1","KOR","KOR"
2012,2012,8532,53,53,"32.6","KOR","KOR"
2013,2013,8507,53,53,"27.5","KOR","KOR"
2013,2013,8532,53,53,"33.1","KOR","KOR"
2014,2014,8507,53,53,"27.9","KOR","KOR"
2014,2014,8532,53,53,"33.4","KOR","KOR"
2015,2015,8507,53,53,"28.2","KOR","KOR"
2015,2015,8532,53,53,"33.5","KOR","KOR"
2016,2016,8507,53,53,"28.5","KOR","KOR"
2016,2016,8532,53,53,"33.7","KOR","KOR"
2017,2017,8507,53,53,"28.8","KOR","KOR"
2017,2017,8532,53,53,"34.0","KOR","KOR"
2007,2007,8507,54,54,"24.8","KOR","KOR"
2007,2007,8532,54,54,"30.2","KOR","KOR"
2008,2008,8507,54,54,"25.1","KOR","KOR"
2008,2008,8532,54,54,"30.7","KOR","KOR"
2009,2009,8507,54,54,"25.6","KOR","KOR"
2009,2009,8532,54,54,"31.2","KOR","KOR"
2010,2010,8507,54,54,"25.7","KOR","KOR"
2010,2010,8532,54,54,"31.3","KOR","KOR"
2011,2011,8507,54,54,"26.0","KOR","KOR"
2011,2011,8532,54,54,"31.6","KOR","KOR"
2012,2012,8507,54,54,"26.2","KOR","KOR"
2012,2012,8532,54,54,"31.7","KOR","KOR"
2013,2013,8507,54,54,"26.7","KOR","KOR"
2013,2013,8532,54,54,"32.1","KOR","KOR"
2014,2014,8507,54,54,"27.1","KOR","KOR"
2014,2014,8532,54,54,"32.5","KOR","KOR"
2015,2015,8507,54,54,"27.3","KOR","KOR"
2015,2015,8532,54,54,"32.6","KOR","KOR"
2016,2016,8507,54,54,"27.6","KOR","KOR"
2016,2016,8532,54,54,"32.8","KOR","KOR"
2017,2017,8507,54,54,"27.9","KOR","KOR"
2017,2017,8532,54,54,"33.0","KOR","KOR"
2007,2007,8507,55,55,"24.0","KOR","KOR"
2007,2007,8532,55,55,"29.3","KOR","KOR"
2008,2008,8507,55,55,"24.3","KOR","KOR"
2008,2008,8532,55,55,"29.8","KOR","KOR"
2009,2009,8507,55,55,"24.8","KOR","KOR"
2009,2009,8532,55,55,"30.2","KOR","KOR"
2010,2010,8507,55,55,"24.9","KOR","KOR"
2010,2010,8532,55,55,"30.4","KOR","KOR"
2011,2011,8507,55,55,"25.2","KOR","KOR"
2011,2011,8532,55,55,"30.6","KOR","KOR"
2012,2012,8507,55,55,"25.3","KOR","KOR"
2012,2012,8532,55,55,"30.8","KOR","KOR"
2013,2013,8507,55,55,"25.8","KOR","KOR"
2013,2013,8532,55,55,"31.2","KOR","KOR"
2014,2014,8507,55,55,"26.2","KOR","KOR"
2014,2014,8532,55,55,"31.6","KOR","KOR"
2015,2015,8507,55,55,"26.5","KOR","KOR"
2015,2015,8532,55,55,"31.6","KOR","KOR"
2016,2016,8507,55,55,"26.7","KOR","KOR"
2016,2016,8532,55,55,"31.9","KOR","KOR"
2017,2017,8507,55,55,"27.0","KOR","KOR"
2017,2017,8532,55,55,"32.1","KOR","KOR"
2007,2007,8507,56,56,"23.2","KOR","KOR"
2007,2007,8532,56,56,"28.4","KOR","KOR"
2008,2008,8507,56,56,"23.5","KOR","KOR"
2008,2008,8532,56,56,"28.8","KOR","KOR"
2009,2009,8507,56,56,"23.9","KOR","KOR"
2009,2009,8532,56,56,"29.3","KOR","KOR"
2010,2010,8507,56,56,"24.0","KOR","KOR"
2010,2010,8532,56,56,"29.4","KOR","KOR"
2011,2011,8507,56,56,"24.3","KOR","KOR"
2011,2011,8532,56,56,"29.7","KOR","KOR"
2012,2012,8507,56,56,"24.5","KOR","KOR"
2012,2012,8532,56,56,"29.8","KOR","KOR"
2013,2013,8507,56,56,"25.0","KOR","KOR"
2013,2013,8532,56,56,"30.2","KOR","KOR"
2014,2014,8507,56,56,"25.3","KOR","KOR"
2014,2014,8532,56,56,"30.6","KOR","KOR"
2015,2015,8507,56,56,"25.6","KOR","KOR"
2015,2015,8532,56,56,"30.7","KOR","KOR"
2016,2016,8507,56,56,"25.9","KOR","KOR"
2016,2016,8532,56,56,"30.9","KOR","KOR"
2017,2017,8507,56,56,"26.2","KOR","KOR"
2017,2017,8532,56,56,"31.1","KOR","KOR"
2007,2007,8507,57,57,"22.3","KOR","KOR"
2007,2007,8532,57,57,"27.4","KOR","KOR"
2008,2008,8507,57,57,"22.7","KOR","KOR"
2008,2008,8532,57,57,"27.9","KOR","KOR"
2009,2009,8507,57,57,"23.1","KOR","KOR"
2009,2009,8532,57,57,"28.4","KOR","KOR"
2010,2010,8507,57,57,"23.2","KOR","KOR"
2010,2010,8532,57,57,"28.5","KOR","KOR"
2011,2011,8507,57,57,"23.5","KOR","KOR"
2011,2011,8532,57,57,"28.8","KOR","KOR"
2012,2012,8507,57,57,"23.7","KOR","KOR"
2012,2012,8532,57,57,"28.9","KOR","KOR"
2013,2013,8507,57,57,"24.1","KOR","KOR"
2013,2013,8532,57,57,"29.3","KOR","KOR"
2014,2014,8507,57,57,"24.5","KOR","KOR"
2014,2014,8532,57,57,"29.7","KOR","KOR"
2015,2015,8507,57,57,"24.7","KOR","KOR"
2015,2015,8532,57,57,"29.8","KOR","KOR"
2016,2016,8507,57,57,"25.0","KOR","KOR"
2016,2016,8532,57,57,"30.0","KOR","KOR"
2017,2017,8507,57,57,"25.3","KOR","KOR"
2017,2017,8532,57,57,"30.2","KOR","KOR"
2007,2007,8507,58,58,"21.5","KOR","KOR"
2007,2007,8532,58,58,"26.5","KOR","KOR"
2008,2008,8507,58,58,"21.8","KOR","KOR"
2008,2008,8532,58,58,"27.0","KOR","KOR"
2009,2009,8507,58,58,"22.3","KOR","KOR"
2009,2009,8532,58,58,"27.5","KOR","KOR"
2010,2010,8507,58,58,"22.4","KOR","KOR"
2010,2010,8532,58,58,"27.6","KOR","KOR"
2011,2011,8507,58,58,"22.7","KOR","KOR"
2011,2011,8532,58,58,"27.8","KOR","KOR"
2012,2012,8507,58,58,"22.8","KOR","KOR"
2012,2012,8532,58,58,"27.9","KOR","KOR"
2013,2013,8507,58,58,"23.3","KOR","KOR"
2013,2013,8532,58,58,"28.4","KOR","KOR"
2014,2014,8507,58,58,"23.6","KOR","KOR"
2014,2014,8532,58,58,"28.7","KOR","KOR"
2015,2015,8507,58,58,"23.9","KOR","KOR"
2015,2015,8532,58,58,"28.8","KOR","KOR"
2016,2016,8507,58,58,"24.2","KOR","KOR"
2016,2016,8532,58,58,"29.0","KOR","KOR"
2017,2017,8507,58,58,"24.4","KOR","KOR"
2017,2017,8532,58,58,"29.3","KOR","KOR"
2007,2007,8507,59,59,"20.7","KOR","KOR"
2007,2007,8532,59,59,"25.6","KOR","KOR"
2008,2008,8507,59,59,"21.0","KOR","KOR"
2008,2008,8532,59,59,"26.1","KOR","KOR"
2009,2009,8507,59,59,"21.5","KOR","KOR"
2009,2009,8532,59,59,"26.5","KOR","KOR"
2010,2010,8507,59,59,"21.6","KOR","KOR"
2010,2010,8532,59,59,"26.7","KOR","KOR"
2011,2011,8507,59,59,"21.8","KOR","KOR"
2011,2011,8532,59,59,"26.9","KOR","KOR"
2012,2012,8507,59,59,"22.0","KOR","KOR"
2012,2012,8532,59,59,"27.0","KOR","KOR"
2013,2013,8507,59,59,"22.5","KOR","KOR"
2013,2013,8532,59,59,"27.4","KOR","KOR"
2014,2014,8507,59,59,"22.8","KOR","KOR"
2014,2014,8532,59,59,"27.8","KOR","KOR"
2015,2015,8507,59,59,"23.0","KOR","KOR"
2015,2015,8532,59,59,"27.9","KOR","KOR"
2016,2016,8507,59,59,"23.3","KOR","KOR"
2016,2016,8532,59,59,"28.1","KOR","KOR"
2017,2017,8507,59,59,"23.6","KOR","KOR"
2017,2017,8532,59,59,"28.3","KOR","KOR"
2007,2007,8507,60,60,"19.9","KOR","KOR"
2007,2007,8532,60,60,"24.7","KOR","KOR"
2008,2008,8507,60,60,"20.2","KOR","KOR"
2008,2008,8532,60,60,"25.2","KOR","KOR"
2009,2009,8507,60,60,"20.7","KOR","KOR"
2009,2009,8532,60,60,"25.6","KOR","KOR"
2010,2010,8507,60,60,"20.8","KOR","KOR"
2010,2010,8532,60,60,"25.7","KOR","KOR"
2011,2011,8507,60,60,"21.0","KOR","KOR"
2011,2011,8532,60,60,"26.0","KOR","KOR"
2012,2012,8507,60,60,"21.2","KOR","KOR"
2012,2012,8532,60,60,"26.1","KOR","KOR"
2013,2013,8507,60,60,"21.6","KOR","KOR"
2013,2013,8532,60,60,"26.5","KOR","KOR"
2014,2014,8507,60,60,"22.0","KOR","KOR"
2014,2014,8532,60,60,"26.9","KOR","KOR"
2015,2015,8507,60,60,"22.2","KOR","KOR"
2015,2015,8532,60,60,"27.0","KOR","KOR"
2016,2016,8507,60,60,"22.5","KOR","KOR"
2016,2016,8532,60,60,"27.2","KOR","KOR"
2017,2017,8507,60,60,"22.8","KOR","KOR"
2017,2017,8532,60,60,"27.4","KOR","KOR"
2007,2007,8507,61,61,"19.1","KOR","KOR"
2007,2007,8532,61,61,"23.8","KOR","KOR"
2008,2008,8507,61,61,"19.4","KOR","KOR"
2008,2008,8532,61,61,"24.3","KOR","KOR"
2009,2009,8507,61,61,"19.9","KOR","KOR"
2009,2009,8532,61,61,"24.7","KOR","KOR"
2010,2010,8507,61,61,"20.0","KOR","KOR"
2010,2010,8532,61,61,"24.8","KOR","KOR"
2011,2011,8507,61,61,"20.2","KOR","KOR"
2011,2011,8532,61,61,"25.1","KOR","KOR"
2012,2012,8507,61,61,"20.4","KOR","KOR"
2012,2012,8532,61,61,"25.2","KOR","KOR"
2013,2013,8507,61,61,"20.8","KOR","KOR"
2013,2013,8532,61,61,"25.6","KOR","KOR"
2014,2014,8507,61,61,"21.2","KOR","KOR"
2014,2014,8532,61,61,"26.0","KOR","KOR"
2015,2015,8507,61,61,"21.4","KOR","KOR"
2015,2015,8532,61,61,"26.0","KOR","KOR"
2016,2016,8507,61,61,"21.6","KOR","KOR"
2016,2016,8532,61,61,"26.3","KOR","KOR"
2017,2017,8507,61,61,"21.9","KOR","KOR"
2017,2017,8532,61,61,"26.4","KOR","KOR"
2007,2007,8507,62,62,"18.3","KOR","KOR"
2007,2007,8532,62,62,"22.9","KOR","KOR"
2008,2008,8507,62,62,"18.6","KOR","KOR"
2008,2008,8532,62,62,"23.4","KOR","KOR"
2009,2009,8507,62,62,"19.1","KOR","KOR"
2009,2009,8532,62,62,"23.8","KOR","KOR"
2010,2010,8507,62,62,"19.2","KOR","KOR"
2010,2010,8532,62,62,"23.9","KOR","KOR"
2011,2011,8507,62,62,"19.4","KOR","KOR"
2011,2011,8532,62,62,"24.2","KOR","KOR"
2012,2012,8507,62,62,"19.6","KOR","KOR"
2012,2012,8532,62,62,"24.2","KOR","KOR"
2013,2013,8507,62,62,"20.0","KOR","KOR"
2013,2013,8532,62,62,"24.7","KOR","KOR"
2014,2014,8507,62,62,"20.3","KOR","KOR"
2014,2014,8532,62,62,"25.0","KOR","KOR"
2015,2015,8507,62,62,"20.6","KOR","KOR"
2015,2015,8532,62,62,"25.1","KOR","KOR"
2016,2016,8507,62,62,"20.8","KOR","KOR"
2016,2016,8532,62,62,"25.3","KOR","KOR"
2017,2017,8507,62,62,"21.1","KOR","KOR"
2017,2017,8532,62,62,"25.5","KOR","KOR"
2007,2007,8507,63,63,"17.6","KOR","KOR"
2007,2007,8532,63,63,"22.0","KOR","KOR"
2008,2008,8507,63,63,"17.8","KOR","KOR"
2008,2008,8532,63,63,"22.5","KOR","KOR"
2009,2009,8507,63,63,"18.3","KOR","KOR"
2009,2009,8532,63,63,"22.9","KOR","KOR"
2010,2010,8507,63,63,"18.4","KOR","KOR"
2010,2010,8532,63,63,"23.0","KOR","KOR"
2011,2011,8507,63,63,"18.6","KOR","KOR"
2011,2011,8532,63,63,"23.3","KOR","KOR"
2012,2012,8507,63,63,"18.8","KOR","KOR"
2012,2012,8532,63,63,"23.3","KOR","KOR"
2013,2013,8507,63,63,"19.2","KOR","KOR"
2013,2013,8532,63,63,"23.8","KOR","KOR"
2014,2014,8507,63,63,"19.5","KOR","KOR"
2014,2014,8532,63,63,"24.1","KOR","KOR"
2015,2015,8507,63,63,"19.8","KOR","KOR"
2015,2015,8532,63,63,"24.2","KOR","KOR"
2016,2016,8507,63,63,"20.0","KOR","KOR"
2016,2016,8532,63,63,"24.4","KOR","KOR"
2017,2017,8507,63,63,"20.3","KOR","KOR"
2017,2017,8532,63,63,"24.6","KOR","KOR"
2007,2007,8507,64,64,"16.8","KOR","KOR"
2007,2007,8532,64,64,"21.1","KOR","KOR"
2008,2008,8507,64,64,"17.1","KOR","KOR"
2008,2008,8532,64,64,"21.6","KOR","KOR"
2009,2009,8507,64,64,"17.5","KOR","KOR"
2009,2009,8532,64,64,"22.0","KOR","KOR"
2010,2010,8507,64,64,"17.6","KOR","KOR"
2010,2010,8532,64,64,"22.1","KOR","KOR"
2011,2011,8507,64,64,"17.8","KOR","KOR"
2011,2011,8532,64,64,"22.4","KOR","KOR"
2012,2012,8507,64,64,"18.0","KOR","KOR"
2012,2012,8532,64,64,"22.4","KOR","KOR"
2013,2013,8507,64,64,"18.4","KOR","KOR"
2013,2013,8532,64,64,"22.8","KOR","KOR"
2014,2014,8507,64,64,"18.7","KOR","KOR"
2014,2014,8532,64,64,"23.2","KOR","KOR"
2015,2015,8507,64,64,"18.9","KOR","KOR"
2015,2015,8532,64,64,"23.3","KOR","KOR"
2016,2016,8507,64,64,"19.2","KOR","KOR"
2016,2016,8532,64,64,"23.5","KOR","KOR"
2017,2017,8507,64,64,"19.4","KOR","KOR"
2017,2017,8532,64,64,"23.7","KOR","KOR"
2007,2007,8507,65,65,"16.0","KOR","KOR"
2007,2007,8532,65,65,"20.2","KOR","KOR"
2008,2008,8507,65,65,"16.3","KOR","KOR"
2008,2008,8532,65,65,"20.7","KOR","KOR"
2009,2009,8507,65,65,"16.7","KOR","KOR"
2009,2009,8532,65,65,"21.1","KOR","KOR"
2010,2010,8507,65,65,"16.8","KOR","KOR"
2010,2010,8532,65,65,"21.2","KOR","KOR"
2011,2011,8507,65,65,"17.1","KOR","KOR"
2011,2011,8532,65,65,"21.5","KOR","KOR"
2012,2012,8507,65,65,"17.2","KOR","KOR"
2012,2012,8532,65,65,"21.5","KOR","KOR"
2013,2013,8507,65,65,"17.6","KOR","KOR"
2013,2013,8532,65,65,"21.9","KOR","KOR"
2014,2014,8507,65,65,"17.9","KOR","KOR"
2014,2014,8532,65,65,"22.3","KOR","KOR"
2015,2015,8507,65,65,"18.2","KOR","KOR"
2015,2015,8532,65,65,"22.4","KOR","KOR"
2016,2016,8507,65,65,"18.4","KOR","KOR"
2016,2016,8532,65,65,"22.6","KOR","KOR"
2017,2017,8507,65,65,"18.6","KOR","KOR"
2017,2017,8532,65,65,"22.7","KOR","KOR"
2007,2007,8507,66,66,"15.3","KOR","KOR"
2007,2007,8532,66,66,"19.3","KOR","KOR"
2008,2008,8507,66,66,"15.6","KOR","KOR"
2008,2008,8532,66,66,"19.8","KOR","KOR"
2009,2009,8507,66,66,"16.0","KOR","KOR"
2009,2009,8532,66,66,"20.2","KOR","KOR"
2010,2010,8507,66,66,"16.1","KOR","KOR"
2010,2010,8532,66,66,"20.3","KOR","KOR"
2011,2011,8507,66,66,"16.3","KOR","KOR"
2011,2011,8532,66,66,"20.6","KOR","KOR"
2012,2012,8507,66,66,"16.4","KOR","KOR"
2012,2012,8532,66,66,"20.6","KOR","KOR"
2013,2013,8507,66,66,"16.8","KOR","KOR"
2013,2013,8532,66,66,"21.0","KOR","KOR"
2014,2014,8507,66,66,"17.1","KOR","KOR"
2014,2014,8532,66,66,"21.4","KOR","KOR"
2015,2015,8507,66,66,"17.4","KOR","KOR"
2015,2015,8532,66,66,"21.4","KOR","KOR"
2016,2016,8507,66,66,"17.6","KOR","KOR"
2016,2016,8532,66,66,"21.7","KOR","KOR"
2017,2017,8507,66,66,"17.8","KOR","KOR"
2017,2017,8532,66,66,"21.8","KOR","KOR"
2007,2007,8507,67,67,"14.6","KOR","KOR"
2007,2007,8532,67,67,"18.5","KOR","KOR"
2008,2008,8507,67,67,"14.8","KOR","KOR"
2008,2008,8532,67,67,"18.9","KOR","KOR"
2009,2009,8507,67,67,"15.3","KOR","KOR"
2009,2009,8532,67,67,"19.4","KOR","KOR"
2010,2010,8507,67,67,"15.3","KOR","KOR"
2010,2010,8532,67,67,"19.5","KOR","KOR"
2011,2011,8507,67,67,"15.5","KOR","KOR"
2011,2011,8532,67,67,"19.7","KOR","KOR"
2012,2012,8507,67,67,"15.6","KOR","KOR"
2012,2012,8532,67,67,"19.7","KOR","KOR"
2013,2013,8507,67,67,"16.1","KOR","KOR"
2013,2013,8532,67,67,"20.1","KOR","KOR"
2014,2014,8507,67,67,"16.4","KOR","KOR"
2014,2014,8532,67,67,"20.5","KOR","KOR"
2015,2015,8507,67,67,"16.6","KOR","KOR"
2015,2015,8532,67,67,"20.5","KOR","KOR"
2016,2016,8507,67,67,"16.8","KOR","KOR"
2016,2016,8532,67,67,"20.8","KOR","KOR"
2017,2017,8507,67,67,"17.0","KOR","KOR"
2017,2017,8532,67,67,"20.9","KOR","KOR"
2007,2007,8507,68,68,"13.9","KOR","KOR"
2007,2007,8532,68,68,"17.6","KOR","KOR"
2008,2008,8507,68,68,"14.1","KOR","KOR"
2008,2008,8532,68,68,"18.1","KOR","KOR"
2009,2009,8507,68,68,"14.5","KOR","KOR"
2009,2009,8532,68,68,"18.5","KOR","KOR"
2010,2010,8507,68,68,"14.6","KOR","KOR"
2010,2010,8532,68,68,"18.6","KOR","KOR"
2011,2011,8507,68,68,"14.8","KOR","KOR"
2011,2011,8532,68,68,"18.8","KOR","KOR"
2012,2012,8507,68,68,"14.9","KOR","KOR"
2012,2012,8532,68,68,"18.8","KOR","KOR"
2013,2013,8507,68,68,"15.3","KOR","KOR"
2013,2013,8532,68,68,"19.3","KOR","KOR"
2014,2014,8507,68,68,"15.6","KOR","KOR"
2014,2014,8532,68,68,"19.6","KOR","KOR"
2015,2015,8507,68,68,"15.8","KOR","KOR"
2015,2015,8532,68,68,"19.7","KOR","KOR"
2016,2016,8507,68,68,"16.0","KOR","KOR"
2016,2016,8532,68,68,"19.9","KOR","KOR"
2017,2017,8507,68,68,"16.3","KOR","KOR"
2017,2017,8532,68,68,"20.0","KOR","KOR"
2007,2007,8507,69,69,"13.2","KOR","KOR"
2007,2007,8532,69,69,"16.8","KOR","KOR"
2008,2008,8507,69,69,"13.4","KOR","KOR"
2008,2008,8532,69,69,"17.2","KOR","KOR"
2009,2009,8507,69,69,"13.8","KOR","KOR"
2009,2009,8532,69,69,"17.6","KOR","KOR"
2010,2010,8507,69,69,"13.9","KOR","KOR"
2010,2010,8532,69,69,"17.7","KOR","KOR"
2011,2011,8507,69,69,"14.0","KOR","KOR"
2011,2011,8532,69,69,"18.0","KOR","KOR"
2012,2012,8507,69,69,"14.1","KOR","KOR"
2012,2012,8532,69,69,"18.0","KOR","KOR"
2013,2013,8507,69,69,"14.5","KOR","KOR"
2013,2013,8532,69,69,"18.4","KOR","KOR"
2014,2014,8507,69,69,"14.8","KOR","KOR"
2014,2014,8532,69,69,"18.7","KOR","KOR"
2015,2015,8507,69,69,"15.0","KOR","KOR"
2015,2015,8532,69,69,"18.8","KOR","KOR"
2016,2016,8507,69,69,"15.3","KOR","KOR"
2016,2016,8532,69,69,"19.0","KOR","KOR"
2017,2017,8507,69,69,"15.5","KOR","KOR"
2017,2017,8532,69,69,"19.1","KOR","KOR"
2007,2007,8507,70,70,"12.6","KOR","KOR"
2007,2007,8532,70,70,"16.0","KOR","KOR"
2008,2008,8507,70,70,"12.8","KOR","KOR"
2008,2008,8532,70,70,"16.4","KOR","KOR"
2009,2009,8507,70,70,"13.1","KOR","KOR"
2009,2009,8532,70,70,"16.8","KOR","KOR"
2010,2010,8507,70,70,"13.2","KOR","KOR"
2010,2010,8532,70,70,"16.9","KOR","KOR"
2011,2011,8507,70,70,"13.3","KOR","KOR"
2011,2011,8532,70,70,"17.1","KOR","KOR"
2012,2012,8507,70,70,"13.4","KOR","KOR"
2012,2012,8532,70,70,"17.1","KOR","KOR"
2013,2013,8507,70,70,"13.8","KOR","KOR"
2013,2013,8532,70,70,"17.5","KOR","KOR"
2014,2014,8507,70,70,"14.1","KOR","KOR"
2014,2014,8532,70,70,"17.9","KOR","KOR"
2015,2015,8507,70,70,"14.3","KOR","KOR"
2015,2015,8532,70,70,"17.9","KOR","KOR"
2016,2016,8507,70,70,"14.5","KOR","KOR"
2016,2016,8532,70,70,"18.1","KOR","KOR"
2017,2017,8507,70,70,"14.7","KOR","KOR"
2017,2017,8532,70,70,"18.3","KOR","KOR"
2007,2007,8507,71,71,"11.9","KOR","KOR"
2007,2007,8532,71,71,"15.2","KOR","KOR"
2008,2008,8507,71,71,"12.1","KOR","KOR"
2008,2008,8532,71,71,"15.6","KOR","KOR"
2009,2009,8507,71,71,"12.5","KOR","KOR"
2009,2009,8532,71,71,"16.0","KOR","KOR"
2010,2010,8507,71,71,"12.5","KOR","KOR"
2010,2010,8532,71,71,"16.1","KOR","KOR"
2011,2011,8507,71,71,"12.7","KOR","KOR"
2011,2011,8532,71,71,"16.3","KOR","KOR"
2012,2012,8507,71,71,"12.7","KOR","KOR"
2012,2012,8532,71,71,"16.3","KOR","KOR"
2013,2013,8507,71,71,"13.1","KOR","KOR"
2013,2013,8532,71,71,"16.7","KOR","KOR"
2014,2014,8507,71,71,"13.4","KOR","KOR"
2014,2014,8532,71,71,"17.0","KOR","KOR"
2015,2015,8507,71,71,"13.6","KOR","KOR"
2015,2015,8532,71,71,"17.0","KOR","KOR"
2016,2016,8507,71,71,"13.8","KOR","KOR"
2016,2016,8532,71,71,"17.2","KOR","KOR"
2017,2017,8507,71,71,"14.0","KOR","KOR"
2017,2017,8532,71,71,"17.4","KOR","KOR"
2007,2007,8507,72,72,"11.3","KOR","KOR"
2007,2007,8532,72,72,"14.4","KOR","KOR"
2008,2008,8507,72,72,"11.5","KOR","KOR"
2008,2008,8532,72,72,"14.8","KOR","KOR"
2009,2009,8507,72,72,"11.8","KOR","KOR"
2009,2009,8532,72,72,"15.2","KOR","KOR"
2010,2010,8507,72,72,"11.8","KOR","KOR"
2010,2010,8532,72,72,"15.2","KOR","KOR"
2011,2011,8507,72,72,"12.0","KOR","KOR"
2011,2011,8532,72,72,"15.4","KOR","KOR"
2012,2012,8507,72,72,"12.0","KOR","KOR"
2012,2012,8532,72,72,"15.5","KOR","KOR"
2013,2013,8507,72,72,"12.4","KOR","KOR"
2013,2013,8532,72,72,"15.9","KOR","KOR"
2014,2014,8507,72,72,"12.7","KOR","KOR"
2014,2014,8532,72,72,"16.2","KOR","KOR"
2015,2015,8507,72,72,"12.8","KOR","KOR"
2015,2015,8532,72,72,"16.2","KOR","KOR"
2016,2016,8507,72,72,"13.0","KOR","KOR"
2016,2016,8532,72,72,"16.4","KOR","KOR"
2017,2017,8507,72,72,"13.2","KOR","KOR"
2017,2017,8532,72,72,"16.5","KOR","KOR"
2007,2007,8507,73,73,"10.7","KOR","KOR"
2007,2007,8532,73,73,"13.6","KOR","KOR"
2008,2008,8507,73,73,"10.9","KOR","KOR"
2008,2008,8532,73,73,"14.0","KOR","KOR"
2009,2009,8507,73,73,"11.2","KOR","KOR"
2009,2009,8532,73,73,"14.4","KOR","KOR"
2010,2010,8507,73,73,"11.2","KOR","KOR"
2010,2010,8532,73,73,"14.5","KOR","KOR"
2011,2011,8507,73,73,"11.4","KOR","KOR"
2011,2011,8532,73,73,"14.6","KOR","KOR"
2012,2012,8507,73,73,"11.4","KOR","KOR"
2012,2012,8532,73,73,"14.6","KOR","KOR"
2013,2013,8507,73,73,"11.8","KOR","KOR"
2013,2013,8532,73,73,"15.0","KOR","KOR"
2014,2014,8507,73,73,"12.0","KOR","KOR"
2014,2014,8532,73,73,"15.3","KOR","KOR"
2015,2015,8507,73,73,"12.1","KOR","KOR"
2015,2015,8532,73,73,"15.4","KOR","KOR"
2016,2016,8507,73,73,"12.3","KOR","KOR"
2016,2016,8532,73,73,"15.5","KOR","KOR"
2017,2017,8507,73,73,"12.5","KOR","KOR"
2017,2017,8532,73,73,"15.7","KOR","KOR"
2007,2007,8507,74,74,"10.1","KOR","KOR"
2007,2007,8532,74,74,"12.8","KOR","KOR"
2008,2008,8507,74,74,"10.3","KOR","KOR"
2008,2008,8532,74,74,"13.2","KOR","KOR"
2009,2009,8507,74,74,"10.6","KOR","KOR"
2009,2009,8532,74,74,"13.6","KOR","KOR"
2010,2010,8507,74,74,"10.6","KOR","KOR"
2010,2010,8532,74,74,"13.7","KOR","KOR"
2011,2011,8507,74,74,"10.7","KOR","KOR"
2011,2011,8532,74,74,"13.8","KOR","KOR"
2012,2012,8507,74,74,"10.8","KOR","KOR"
2012,2012,8532,74,74,"13.8","KOR","KOR"
2013,2013,8507,74,74,"11.1","KOR","KOR"
2013,2013,8532,74,74,"14.2","KOR","KOR"
2014,2014,8507,74,74,"11.3","KOR","KOR"
2014,2014,8532,74,74,"14.5","KOR","KOR"
2015,2015,8507,74,74,"11.5","KOR","KOR"
2015,2015,8532,74,74,"14.5","KOR","KOR"
2016,2016,8507,74,74,"11.7","KOR","KOR"
2016,2016,8532,74,74,"14.7","KOR","KOR"
2017,2017,8507,74,74,"11.8","KOR","KOR"
2017,2017,8532,74,74,"14.8","KOR","KOR"
2007,2007,8507,75,75,"9.5","KOR","KOR"
2007,2007,8532,75,75,"12.1","KOR","KOR"
2008,2008,8507,75,75,"9.7","KOR","KOR"
2008,2008,8532,75,75,"12.5","KOR","KOR"
2009,2009,8507,75,75,"10.0","KOR","KOR"
2009,2009,8532,75,75,"12.9","KOR","KOR"
2010,2010,8507,75,75,"10.0","KOR","KOR"
2010,2010,8532,75,75,"12.9","KOR","KOR"
2011,2011,8507,75,75,"10.1","KOR","KOR"
2011,2011,8532,75,75,"13.0","KOR","KOR"
2012,2012,8507,75,75,"10.1","KOR","KOR"
2012,2012,8532,75,75,"13.1","KOR","KOR"
2013,2013,8507,75,75,"10.5","KOR","KOR"
2013,2013,8532,75,75,"13.4","KOR","KOR"
2014,2014,8507,75,75,"10.7","KOR","KOR"
2014,2014,8532,75,75,"13.7","KOR","KOR"
2015,2015,8507,75,75,"10.8","KOR","KOR"
2015,2015,8532,75,75,"13.7","KOR","KOR"
2016,2016,8507,75,75,"11.0","KOR","KOR"
2016,2016,8532,75,75,"13.9","KOR","KOR"
2017,2017,8507,75,75,"11.1","KOR","KOR"
2017,2017,8532,75,75,"14.0","KOR","KOR"
2007,2007,8507,76,76,"9.0","KOR","KOR"
2007,2007,8532,76,76,"11.4","KOR","KOR"
2008,2008,8507,76,76,"9.1","KOR","KOR"
2008,2008,8532,76,76,"11.7","KOR","KOR"
2009,2009,8507,76,76,"9.4","KOR","KOR"
2009,2009,8532,76,76,"12.1","KOR","KOR"
2010,2010,8507,76,76,"9.4","KOR","KOR"
2010,2010,8532,76,76,"12.2","KOR","KOR"
2011,2011,8507,76,76,"9.5","KOR","KOR"
2011,2011,8532,76,76,"12.3","KOR","KOR"
2012,2012,8507,76,76,"9.6","KOR","KOR"
2012,2012,8532,76,76,"12.3","KOR","KOR"
2013,2013,8507,76,76,"9.9","KOR","KOR"
2013,2013,8532,76,76,"12.7","KOR","KOR"
2014,2014,8507,76,76,"10.1","KOR","KOR"
2014,2014,8532,76,76,"12.9","KOR","KOR"
2015,2015,8507,76,76,"10.2","KOR","KOR"
2015,2015,8532,76,76,"13.0","KOR","KOR"
2016,2016,8507,76,76,"10.4","KOR","KOR"
2016,2016,8532,76,76,"13.1","KOR","KOR"
2017,2017,8507,76,76,"10.5","KOR","KOR"
2017,2017,8532,76,76,"13.2","KOR","KOR"
2007,2007,8507,77,77,"8.5","KOR","KOR"
2007,2007,8532,77,77,"10.7","KOR","KOR"
2008,2008,8507,77,77,"8.6","KOR","KOR"
2008,2008,8532,77,77,"11.0","KOR","KOR"
2009,2009,8507,77,77,"8.9","KOR","KOR"
2009,2009,8532,77,77,"11.4","KOR","KOR"
2010,2010,8507,77,77,"8.9","KOR","KOR"
2010,2010,8532,77,77,"11.5","KOR","KOR"
2011,2011,8507,77,77,"9.0","KOR","KOR"
2011,2011,8532,77,77,"11.6","KOR","KOR"
2012,2012,8507,77,77,"9.0","KOR","KOR"
2012,2012,8532,77,77,"11.6","KOR","KOR"
2013,2013,8507,77,77,"9.3","KOR","KOR"
2013,2013,8532,77,77,"11.9","KOR","KOR"
2014,2014,8507,77,77,"9.5","KOR","KOR"
2014,2014,8532,77,77,"12.2","KOR","KOR"
2015,2015,8507,77,77,"9.6","KOR","KOR"
2015,2015,8532,77,77,"12.2","KOR","KOR"
2016,2016,8507,77,77,"9.7","KOR","KOR"
2016,2016,8532,77,77,"12.4","KOR","KOR"
2017,2017,8507,77,77,"9.8","KOR","KOR"
2017,2017,8532,77,77,"12.4","KOR","KOR"
2007,2007,8507,78,78,"8.0","KOR","KOR"
2007,2007,8532,78,78,"10.1","KOR","KOR"
2008,2008,8507,78,78,"8.1","KOR","KOR"
2008,2008,8532,78,78,"10.4","KOR","KOR"
2009,2009,8507,78,78,"8.3","KOR","KOR"
2009,2009,8532,78,78,"10.7","KOR","KOR"
2010,2010,8507,78,78,"8.4","KOR","KOR"
2010,2010,8532,78,78,"10.8","KOR","KOR"
2011,2011,8507,78,78,"8.4","KOR","KOR"
2011,2011,8532,78,78,"10.9","KOR","KOR"
2012,2012,8507,78,78,"8.5","KOR","KOR"
2012,2012,8532,78,78,"10.9","KOR","KOR"
2013,2013,8507,78,78,"8.8","KOR","KOR"
2013,2013,8532,78,78,"11.2","KOR","KOR"
2014,2014,8507,78,78,"8.9","KOR","KOR"
2014,2014,8532,78,78,"11.5","KOR","KOR"
2015,2015,8507,78,78,"9.0","KOR","KOR"
2015,2015,8532,78,78,"11.5","KOR","KOR"
2016,2016,8507,78,78,"9.2","KOR","KOR"
2016,2016,8532,78,78,"11.6","KOR","KOR"
2017,2017,8507,78,78,"9.2","KOR","KOR"
2017,2017,8532,78,78,"11.7","KOR","KOR"
2007,2007,8507,79,79,"7.5","KOR","KOR"
2007,2007,8532,79,79,"9.4","KOR","KOR"
2008,2008,8507,79,79,"7.6","KOR","KOR"
2008,2008,8532,79,79,"9.7","KOR","KOR"
2009,2009,8507,79,79,"7.8","KOR","KOR"
2009,2009,8532,79,79,"10.1","KOR","KOR"
2010,2010,8507,79,79,"7.9","KOR","KOR"
2010,2010,8532,79,79,"10.1","KOR","KOR"
2011,2011,8507,79,79,"7.9","KOR","KOR"
2011,2011,8532,79,79,"10.2","KOR","KOR"
2012,2012,8507,79,79,"7.9","KOR","KOR"
2012,2012,8532,79,79,"10.2","KOR","KOR"
2013,2013,8507,79,79,"8.2","KOR","KOR"
2013,2013,8532,79,79,"10.5","KOR","KOR"
2014,2014,8507,79,79,"8.4","KOR","KOR"
2014,2014,8532,79,79,"10.8","KOR","KOR"
2015,2015,8507,79,79,"8.5","KOR","KOR"
2015,2015,8532,79,79,"10.7","KOR","KOR"
2016,2016,8507,79,79,"8.6","KOR","KOR"
2016,2016,8532,79,79,"10.9","KOR","KOR"
2017,2017,8507,79,79,"8.7","KOR","KOR"
2017,2017,8532,79,79,"10.9","KOR","KOR"
2007,2007,8507,80,80,"7.0","KOR","KOR"
2007,2007,8532,80,80,"8.8","KOR","KOR"
2008,2008,8507,80,80,"7.1","KOR","KOR"
2008,2008,8532,80,80,"9.1","KOR","KOR"
2009,2009,8507,80,80,"7.4","KOR","KOR"
2009,2009,8532,80,80,"9.4","KOR","KOR"
2010,2010,8507,80,80,"7.4","KOR","KOR"
2010,2010,8532,80,80,"9.5","KOR","KOR"
2011,2011,8507,80,80,"7.4","KOR","KOR"
2011,2011,8532,80,80,"9.5","KOR","KOR"
2012,2012,8507,80,80,"7.4","KOR","KOR"
2012,2012,8532,80,80,"9.5","KOR","KOR"
2013,2013,8507,80,80,"7.7","KOR","KOR"
2013,2013,8532,80,80,"9.9","KOR","KOR"
2014,2014,8507,80,80,"7.8","KOR","KOR"
2014,2014,8532,80,80,"10.1","KOR","KOR"
2015,2015,8507,80,80,"8.0","KOR","KOR"
2015,2015,8532,80,80,"10.1","KOR","KOR"
2016,2016,8507,80,80,"8.1","KOR","KOR"
2016,2016,8532,80,80,"10.2","KOR","KOR"
2017,2017,8507,80,80,"8.1","KOR","KOR"
2017,2017,8532,80,80,"10.2","KOR","KOR"
2007,2007,8507,81,81,"6.6","KOR","KOR"
2007,2007,8532,81,81,"8.2","KOR","KOR"
2008,2008,8507,81,81,"6.7","KOR","KOR"
2008,2008,8532,81,81,"8.5","KOR","KOR"
2009,2009,8507,81,81,"6.9","KOR","KOR"
2009,2009,8532,81,81,"8.8","KOR","KOR"
2010,2010,8507,81,81,"6.9","KOR","KOR"
2010,2010,8532,81,81,"8.9","KOR","KOR"
2011,2011,8507,81,81,"6.9","KOR","KOR"
2011,2011,8532,81,81,"8.9","KOR","KOR"
2012,2012,8507,81,81,"7.0","KOR","KOR"
2012,2012,8532,81,81,"8.9","KOR","KOR"
2013,2013,8507,81,81,"7.2","KOR","KOR"
2013,2013,8532,81,81,"9.2","KOR","KOR"
2014,2014,8507,81,81,"7.4","KOR","KOR"
2014,2014,8532,81,81,"9.4","KOR","KOR"
2015,2015,8507,81,81,"7.5","KOR","KOR"
2015,2015,8532,81,81,"9.4","KOR","KOR"
2016,2016,8507,81,81,"7.6","KOR","KOR"
2016,2016,8532,81,81,"9.5","KOR","KOR"
2017,2017,8507,81,81,"7.6","KOR","KOR"
2017,2017,8532,81,81,"9.5","KOR","KOR"
2007,2007,8507,82,82,"6.2","KOR","KOR"
2007,2007,8532,82,82,"7.7","KOR","KOR"
2008,2008,8507,82,82,"6.3","KOR","KOR"
2008,2008,8532,82,82,"7.9","KOR","KOR"
2009,2009,8507,82,82,"6.5","KOR","KOR"
2009,2009,8532,82,82,"8.3","KOR","KOR"
2010,2010,8507,82,82,"6.5","KOR","KOR"
2010,2010,8532,82,82,"8.3","KOR","KOR"
2011,2011,8507,82,82,"6.5","KOR","KOR"
2011,2011,8532,82,82,"8.3","KOR","KOR"
2012,2012,8507,82,82,"6.5","KOR","KOR"
2012,2012,8532,82,82,"8.3","KOR","KOR"
2013,2013,8507,82,82,"6.8","KOR","KOR"
2013,2013,8532,82,82,"8.6","KOR","KOR"
2014,2014,8507,82,82,"6.9","KOR","KOR"
2014,2014,8532,82,82,"8.8","KOR","KOR"
2015,2015,8507,82,82,"7.0","KOR","KOR"
2015,2015,8532,82,82,"8.8","KOR","KOR"
2016,2016,8507,82,82,"7.1","KOR","KOR"
2016,2016,8532,82,82,"8.9","KOR","KOR"
2017,2017,8507,82,82,"7.1","KOR","KOR"
2017,2017,8532,82,82,"8.9","KOR","KOR"
2007,2007,8507,83,83,"5.8","KOR","KOR"
2007,2007,8532,83,83,"7.2","KOR","KOR"
2008,2008,8507,83,83,"5.9","KOR","KOR"
2008,2008,8532,83,83,"7.4","KOR","KOR"
2009,2009,8507,83,83,"6.1","KOR","KOR"
2009,2009,8532,83,83,"7.7","KOR","KOR"
2010,2010,8507,83,83,"6.1","KOR","KOR"
2010,2010,8532,83,83,"7.7","KOR","KOR"
2011,2011,8507,83,83,"6.0","KOR","KOR"
2011,2011,8532,83,83,"7.7","KOR","KOR"
2012,2012,8507,83,83,"6.1","KOR","KOR"
2012,2012,8532,83,83,"7.7","KOR","KOR"
2013,2013,8507,83,83,"6.3","KOR","KOR"
2013,2013,8532,83,83,"8.0","KOR","KOR"
2014,2014,8507,83,83,"6.4","KOR","KOR"
2014,2014,8532,83,83,"8.2","KOR","KOR"
2015,2015,8507,83,83,"6.6","KOR","KOR"
2015,2015,8532,83,83,"8.2","KOR","KOR"
2016,2016,8507,83,83,"6.6","KOR","KOR"
2016,2016,8532,83,83,"8.3","KOR","KOR"
2017,2017,8507,83,83,"6.6","KOR","KOR"
2017,2017,8532,83,83,"8.3","KOR","KOR"
2007,2007,8507,84,84,"5.4","KOR","KOR"
2007,2007,8532,84,84,"6.7","KOR","KOR"
2008,2008,8507,84,84,"5.5","KOR","KOR"
2008,2008,8532,84,84,"6.9","KOR","KOR"
2009,2009,8507,84,84,"5.7","KOR","KOR"
2009,2009,8532,84,84,"7.2","KOR","KOR"
2010,2010,8507,84,84,"5.7","KOR","KOR"
2010,2010,8532,84,84,"7.2","KOR","KOR"
2011,2011,8507,84,84,"5.6","KOR","KOR"
2011,2011,8532,84,84,"7.2","KOR","KOR"
2012,2012,8507,84,84,"5.7","KOR","KOR"
2012,2012,8532,84,84,"7.2","KOR","KOR"
2013,2013,8507,84,84,"5.9","KOR","KOR"
2013,2013,8532,84,84,"7.5","KOR","KOR"
2014,2014,8507,84,84,"6.0","KOR","KOR"
2014,2014,8532,84,84,"7.7","KOR","KOR"
2015,2015,8507,84,84,"6.1","KOR","KOR"
2015,2015,8532,84,84,"7.6","KOR","KOR"
2016,2016,8507,84,84,"6.2","KOR","KOR"
2016,2016,8532,84,84,"7.7","KOR","KOR"
2017,2017,8507,84,84,"6.2","KOR","KOR"
2017,2017,8532,84,84,"7.7","KOR","KOR"
2007,2007,8507,85,85,"5.1","KOR","KOR"
2007,2007,8532,85,85,"6.2","KOR","KOR"
2008,2008,8507,85,85,"5.2","KOR","KOR"
2008,2008,8532,85,85,"6.4","KOR","KOR"
2009,2009,8507,85,85,"5.4","KOR","KOR"
2009,2009,8532,85,85,"6.7","KOR","KOR"
2010,2010,8507,85,85,"5.3","KOR","KOR"
2010,2010,8532,85,85,"6.7","KOR","KOR"
2011,2011,8507,85,85,"5.2","KOR","KOR"
2011,2011,8532,85,85,"6.7","KOR","KOR"
2012,2012,8507,85,85,"5.3","KOR","KOR"
2012,2012,8532,85,85,"6.7","KOR","KOR"
2013,2013,8507,85,85,"5.5","KOR","KOR"
2013,2013,8532,85,85,"6.9","KOR","KOR"
2014,2014,8507,85,85,"5.6","KOR","KOR"
2014,2014,8532,85,85,"7.1","KOR","KOR"
2015,2015,8507,85,85,"5.7","KOR","KOR"
2015,2015,8532,85,85,"7.1","KOR","KOR"
2016,2016,8507,85,85,"5.8","KOR","KOR"
2016,2016,8532,85,85,"7.1","KOR","KOR"
2017,2017,8507,85,85,"5.8","KOR","KOR"
2017,2017,8532,85,85,"7.1","KOR","KOR"
2007,2007,8507,86,86,"4.8","KOR","KOR"
2007,2007,8532,86,86,"5.8","KOR","KOR"
2008,2008,8507,86,86,"4.8","KOR","KOR"
2008,2008,8532,86,86,"6.0","KOR","KOR"
2009,2009,8507,86,86,"5.0","KOR","KOR"
2009,2009,8532,86,86,"6.3","KOR","KOR"
2010,2010,8507,86,86,"5.0","KOR","KOR"
2010,2010,8532,86,86,"6.3","KOR","KOR"
2011,2011,8507,86,86,"4.9","KOR","KOR"
2011,2011,8532,86,86,"6.2","KOR","KOR"
2012,2012,8507,86,86,"5.0","KOR","KOR"
2012,2012,8532,86,86,"6.2","KOR","KOR"
2013,2013,8507,86,86,"5.2","KOR","KOR"
2013,2013,8532,86,86,"6.5","KOR","KOR"
2014,2014,8507,86,86,"5.3","KOR","KOR"
2014,2014,8532,86,86,"6.6","KOR","KOR"
2015,2015,8507,86,86,"5.3","KOR","KOR"
2015,2015,8532,86,86,"6.5","KOR","KOR"
2016,2016,8507,86,86,"5.4","KOR","KOR"
2016,2016,8532,86,86,"6.6","KOR","KOR"
2017,2017,8507,86,86,"5.4","KOR","KOR"
2017,2017,8532,86,86,"6.6","KOR","KOR"
2007,2007,8507,87,87,"4.5","KOR","KOR"
2007,2007,8532,87,87,"5.4","KOR","KOR"
2008,2008,8507,87,87,"4.5","KOR","KOR"
2008,2008,8532,87,87,"5.6","KOR","KOR"
2009,2009,8507,87,87,"4.7","KOR","KOR"
2009,2009,8532,87,87,"5.8","KOR","KOR"
2010,2010,8507,87,87,"4.7","KOR","KOR"
2010,2010,8532,87,87,"5.8","KOR","KOR"
2011,2011,8507,87,87,"4.6","KOR","KOR"
2011,2011,8532,87,87,"5.8","KOR","KOR"
2012,2012,8507,87,87,"4.6","KOR","KOR"
2012,2012,8532,87,87,"5.8","KOR","KOR"
2013,2013,8507,87,87,"4.8","KOR","KOR"
2013,2013,8532,87,87,"6.0","KOR","KOR"
2014,2014,8507,87,87,"4.9","KOR","KOR"
2014,2014,8532,87,87,"6.2","KOR","KOR"
2015,2015,8507,87,87,"5.0","KOR","KOR"
2015,2015,8532,87,87,"6.1","KOR","KOR"
2016,2016,8507,87,87,"5.0","KOR","KOR"
2016,2016,8532,87,87,"6.1","KOR","KOR"
2017,2017,8507,87,87,"5.0","KOR","KOR"
2017,2017,8532,87,87,"6.1","KOR","KOR"
2007,2007,8507,88,88,"4.2","KOR","KOR"
2007,2007,8532,88,88,"5.0","KOR","KOR"
2008,2008,8507,88,88,"4.2","KOR","KOR"
2008,2008,8532,88,88,"5.2","KOR","KOR"
2009,2009,8507,88,88,"4.4","KOR","KOR"
2009,2009,8532,88,88,"5.4","KOR","KOR"
2010,2010,8507,88,88,"4.4","KOR","KOR"
2010,2010,8532,88,88,"5.4","KOR","KOR"
2011,2011,8507,88,88,"4.3","KOR","KOR"
2011,2011,8532,88,88,"5.3","KOR","KOR"
2012,2012,8507,88,88,"4.3","KOR","KOR"
2012,2012,8532,88,88,"5.3","KOR","KOR"
2013,2013,8507,88,88,"4.5","KOR","KOR"
2013,2013,8532,88,88,"5.6","KOR","KOR"
2014,2014,8507,88,88,"4.6","KOR","KOR"
2014,2014,8532,88,88,"5.7","KOR","KOR"
2015,2015,8507,88,88,"4.7","KOR","KOR"
2015,2015,8532,88,88,"5.6","KOR","KOR"
2016,2016,8507,88,88,"4.7","KOR","KOR"
2016,2016,8532,88,88,"5.7","KOR","KOR"
2017,2017,8507,88,88,"4.7","KOR","KOR"
2017,2017,8532,88,88,"5.7","KOR","KOR"
2007,2007,8507,89,89,"3.9","KOR","KOR"
2007,2007,8532,89,89,"4.7","KOR","KOR"
2008,2008,8507,89,89,"4.0","KOR","KOR"
2008,2008,8532,89,89,"4.8","KOR","KOR"
2009,2009,8507,89,89,"4.1","KOR","KOR"
2009,2009,8532,89,89,"5.0","KOR","KOR"
2010,2010,8507,89,89,"4.1","KOR","KOR"
2010,2010,8532,89,89,"5.0","KOR","KOR"
2011,2011,8507,89,89,"4.0","KOR","KOR"
2011,2011,8532,89,89,"4.9","KOR","KOR"
2012,2012,8507,89,89,"4.0","KOR","KOR"
2012,2012,8532,89,89,"4.9","KOR","KOR"
2013,2013,8507,89,89,"4.2","KOR","KOR"
2013,2013,8532,89,89,"5.2","KOR","KOR"
2014,2014,8507,89,89,"4.3","KOR","KOR"
2014,2014,8532,89,89,"5.3","KOR","KOR"
2015,2015,8507,89,89,"4.3","KOR","KOR"
2015,2015,8532,89,89,"5.2","KOR","KOR"
2016,2016,8507,89,89,"4.4","KOR","KOR"
2016,2016,8532,89,89,"5.3","KOR","KOR"
2017,2017,8507,89,89,"4.3","KOR","KOR"
2017,2017,8532,89,89,"5.2","KOR","KOR"
2007,2007,8507,90,90,"3.7","KOR","KOR"
2007,2007,8532,90,90,"4.3","KOR","KOR"
2008,2008,8507,90,90,"3.7","KOR","KOR"
2008,2008,8532,90,90,"4.5","KOR","KOR"
2009,2009,8507,90,90,"3.9","KOR","KOR"
2009,2009,8532,90,90,"4.7","KOR","KOR"
2010,2010,8507,90,90,"3.8","KOR","KOR"
2010,2010,8532,90,90,"4.7","KOR","KOR"
2011,2011,8507,90,90,"3.7","KOR","KOR"
2011,2011,8532,90,90,"4.6","KOR","KOR"
2012,2012,8507,90,90,"3.8","KOR","KOR"
2012,2012,8532,90,90,"4.6","KOR","KOR"
2013,2013,8507,90,90,"3.9","KOR","KOR"
2013,2013,8532,90,90,"4.8","KOR","KOR"
2014,2014,8507,90,90,"4.0","KOR","KOR"
2014,2014,8532,90,90,"4.9","KOR","KOR"
2015,2015,8507,90,90,"4.1","KOR","KOR"
2015,2015,8532,90,90,"4.8","KOR","KOR"
2016,2016,8507,90,90,"4.1","KOR","KOR"
2016,2016,8532,90,90,"4.9","KOR","KOR"
2017,2017,8507,90,90,"4.0","KOR","KOR"
2017,2017,8532,90,90,"4.8","KOR","KOR"
2007,2007,8507,91,91,"3.5","KOR","KOR"
2007,2007,8532,91,91,"4.0","KOR","KOR"
2008,2008,8507,91,91,"3.5","KOR","KOR"
2008,2008,8532,91,91,"4.2","KOR","KOR"
2009,2009,8507,91,91,"3.6","KOR","KOR"
2009,2009,8532,91,91,"4.4","KOR","KOR"
2010,2010,8507,91,91,"3.6","KOR","KOR"
2010,2010,8532,91,91,"4.4","KOR","KOR"
2011,2011,8507,91,91,"3.5","KOR","KOR"
2011,2011,8532,91,91,"4.3","KOR","KOR"
2012,2012,8507,91,91,"3.5","KOR","KOR"
2012,2012,8532,91,91,"4.3","KOR","KOR"
2013,2013,8507,91,91,"3.7","KOR","KOR"
2013,2013,8532,91,91,"4.4","KOR","KOR"
2014,2014,8507,91,91,"3.7","KOR","KOR"
2014,2014,8532,91,91,"4.6","KOR","KOR"
2015,2015,8507,91,91,"3.8","KOR","KOR"
2015,2015,8532,91,91,"4.5","KOR","KOR"
2016,2016,8507,91,91,"3.8","KOR","KOR"
2016,2016,8532,91,91,"4.5","KOR","KOR"
2017,2017,8507,91,91,"3.8","KOR","KOR"
2017,2017,8532,91,91,"4.5","KOR","KOR"
2007,2007,8507,92,92,"3.2","KOR","KOR"
2007,2007,8532,92,92,"3.8","KOR","KOR"
2008,2008,8507,92,92,"3.3","KOR","KOR"
2008,2008,8532,92,92,"3.9","KOR","KOR"
2009,2009,8507,92,92,"3.4","KOR","KOR"
2009,2009,8532,92,92,"4.1","KOR","KOR"
2010,2010,8507,92,92,"3.4","KOR","KOR"
2010,2010,8532,92,92,"4.1","KOR","KOR"
2011,2011,8507,92,92,"3.2","KOR","KOR"
2011,2011,8532,92,92,"3.9","KOR","KOR"
2012,2012,8507,92,92,"3.3","KOR","KOR"
2012,2012,8532,92,92,"3.9","KOR","KOR"
2013,2013,8507,92,92,"3.4","KOR","KOR"
2013,2013,8532,92,92,"4.1","KOR","KOR"
2014,2014,8507,92,92,"3.5","KOR","KOR"
2014,2014,8532,92,92,"4.2","KOR","KOR"
2015,2015,8507,92,92,"3.5","KOR","KOR"
2015,2015,8532,92,92,"4.1","KOR","KOR"
2016,2016,8507,92,92,"3.6","KOR","KOR"
2016,2016,8532,92,92,"4.2","KOR","KOR"
2017,2017,8507,92,92,"3.5","KOR","KOR"
2017,2017,8532,92,92,"4.1","KOR","KOR"
2007,2007,8507,93,93,"3.0","KOR","KOR"
2007,2007,8532,93,93,"3.5","KOR","KOR"
2008,2008,8507,93,93,"3.0","KOR","KOR"
2008,2008,8532,93,93,"3.6","KOR","KOR"
2009,2009,8507,93,93,"3.2","KOR","KOR"
2009,2009,8532,93,93,"3.8","KOR","KOR"
2010,2010,8507,93,93,"3.1","KOR","KOR"
2010,2010,8532,93,93,"3.8","KOR","KOR"
2011,2011,8507,93,93,"3.0","KOR","KOR"
2011,2011,8532,93,93,"3.7","KOR","KOR"
2012,2012,8507,93,93,"3.1","KOR","KOR"
2012,2012,8532,93,93,"3.7","KOR","KOR"
2013,2013,8507,93,93,"3.2","KOR","KOR"
2013,2013,8532,93,93,"3.8","KOR","KOR"
2014,2014,8507,93,93,"3.3","KOR","KOR"
2014,2014,8532,93,93,"3.9","KOR","KOR"
2015,2015,8507,93,93,"3.3","KOR","KOR"
2015,2015,8532,93,93,"3.8","KOR","KOR"
2016,2016,8507,93,93,"3.3","KOR","KOR"
2016,2016,8532,93,93,"3.9","KOR","KOR"
2017,2017,8507,93,93,"3.3","KOR","KOR"
2017,2017,8532,93,93,"3.8","KOR","KOR"
2007,2007,8507,94,94,"2.8","KOR","KOR"
2007,2007,8532,94,94,"3.3","KOR","KOR"
2008,2008,8507,94,94,"2.9","KOR","KOR"
2008,2008,8532,94,94,"3.4","KOR","KOR"
2009,2009,8507,94,94,"3.0","KOR","KOR"
2009,2009,8532,94,94,"3.5","KOR","KOR"
2010,2010,8507,94,94,"2.9","KOR","KOR"
2010,2010,8532,94,94,"3.5","KOR","KOR"
2011,2011,8507,94,94,"2.8","KOR","KOR"
2011,2011,8532,94,94,"3.4","KOR","KOR"
2012,2012,8507,94,94,"2.9","KOR","KOR"
2012,2012,8532,94,94,"3.4","KOR","KOR"
2013,2013,8507,94,94,"3.0","KOR","KOR"
2013,2013,8532,94,94,"3.6","KOR","KOR"
2014,2014,8507,94,94,"3.0","KOR","KOR"
2014,2014,8532,94,94,"3.7","KOR","KOR"
2015,2015,8507,94,94,"3.1","KOR","KOR"
2015,2015,8532,94,94,"3.6","KOR","KOR"
2016,2016,8507,94,94,"3.1","KOR","KOR"
2016,2016,8532,94,94,"3.6","KOR","KOR"
2017,2017,8507,94,94,"3.0","KOR","KOR"
2017,2017,8532,94,94,"3.5","KOR","KOR"
2007,2007,8507,95,95,"2.7","KOR","KOR"
2007,2007,8532,95,95,"3.0","KOR","KOR"
2008,2008,8507,95,95,"2.7","KOR","KOR"
2008,2008,8532,95,95,"3.1","KOR","KOR"
2009,2009,8507,95,95,"2.8","KOR","KOR"
2009,2009,8532,95,95,"3.3","KOR","KOR"
2010,2010,8507,95,95,"2.8","KOR","KOR"
2010,2010,8532,95,95,"3.3","KOR","KOR"
2011,2011,8507,95,95,"2.6","KOR","KOR"
2011,2011,8532,95,95,"3.2","KOR","KOR"
2012,2012,8507,95,95,"2.7","KOR","KOR"
2012,2012,8532,95,95,"3.2","KOR","KOR"
2013,2013,8507,95,95,"2.8","KOR","KOR"
2013,2013,8532,95,95,"3.3","KOR","KOR"
2014,2014,8507,95,95,"2.8","KOR","KOR"
2014,2014,8532,95,95,"3.4","KOR","KOR"
2015,2015,8507,95,95,"2.9","KOR","KOR"
2015,2015,8532,95,95,"3.3","KOR","KOR"
2016,2016,8507,95,95,"2.9","KOR","KOR"
2016,2016,8532,95,95,"3.3","KOR","KOR"
2017,2017,8507,95,95,"2.8","KOR","KOR"
2017,2017,8532,95,95,"3.3","KOR","KOR"
2007,2007,8507,96,96,"2.5","KOR","KOR"
2007,2007,8532,96,96,"2.8","KOR","KOR"
2008,2008,8507,96,96,"2.5","KOR","KOR"
2008,2008,8532,96,96,"2.9","KOR","KOR"
2009,2009,8507,96,96,"2.6","KOR","KOR"
2009,2009,8532,96,96,"3.1","KOR","KOR"
2010,2010,8507,96,96,"2.6","KOR","KOR"
2010,2010,8532,96,96,"3.1","KOR","KOR"
2011,2011,8507,96,96,"2.5","KOR","KOR"
2011,2011,8532,96,96,"2.9","KOR","KOR"
2012,2012,8507,96,96,"2.5","KOR","KOR"
2012,2012,8532,96,96,"2.9","KOR","KOR"
2013,2013,8507,96,96,"2.6","KOR","KOR"
2013,2013,8532,96,96,"3.1","KOR","KOR"
2014,2014,8507,96,96,"2.7","KOR","KOR"
2014,2014,8532,96,96,"3.2","KOR","KOR"
2015,2015,8507,96,96,"2.7","KOR","KOR"
2015,2015,8532,96,96,"3.1","KOR","KOR"
2016,2016,8507,96,96,"2.7","KOR","KOR"
2016,2016,8532,96,96,"3.1","KOR","KOR"
2017,2017,8507,96,96,"2.6","KOR","KOR"
2017,2017,8532,96,96,"3.0","KOR","KOR"
2007,2007,8507,97,97,"2.4","KOR","KOR"
2007,2007,8532,97,97,"2.7","KOR","KOR"
2008,2008,8507,97,97,"2.4","KOR","KOR"
2008,2008,8532,97,97,"2.7","KOR","KOR"
2009,2009,8507,97,97,"2.5","KOR","KOR"
2009,2009,8532,97,97,"2.8","KOR","KOR"
2010,2010,8507,97,97,"2.4","KOR","KOR"
2010,2010,8532,97,97,"2.9","KOR","KOR"
2011,2011,8507,97,97,"2.3","KOR","KOR"
2011,2011,8532,97,97,"2.7","KOR","KOR"
2012,2012,8507,97,97,"2.4","KOR","KOR"
2012,2012,8532,97,97,"2.7","KOR","KOR"
2013,2013,8507,97,97,"2.5","KOR","KOR"
2013,2013,8532,97,97,"2.9","KOR","KOR"
2014,2014,8507,97,97,"2.5","KOR","KOR"
2014,2014,8532,97,97,"2.9","KOR","KOR"
2015,2015,8507,97,97,"2.5","KOR","KOR"
2015,2015,8532,97,97,"2.8","KOR","KOR"
2016,2016,8507,97,97,"2.5","KOR","KOR"
2016,2016,8532,97,97,"2.9","KOR","KOR"
2017,2017,8507,97,97,"2.5","KOR","KOR"
2017,2017,8532,97,97,"2.8","KOR","KOR"
2007,2007,8507,98,98,"2.2","KOR","KOR"
2007,2007,8532,98,98,"2.5","KOR","KOR"
2008,2008,8507,98,98,"2.2","KOR","KOR"
2008,2008,8532,98,98,"2.5","KOR","KOR"
2009,2009,8507,98,98,"2.3","KOR","KOR"
2009,2009,8532,98,98,"2.7","KOR","KOR"
2010,2010,8507,98,98,"2.3","KOR","KOR"
2010,2010,8532,98,98,"2.7","KOR","KOR"
2011,2011,8507,98,98,"2.2","KOR","KOR"
2011,2011,8532,98,98,"2.6","KOR","KOR"
2012,2012,8507,98,98,"2.2","KOR","KOR"
2012,2012,8532,98,98,"2.6","KOR","KOR"
2013,2013,8507,98,98,"2.3","KOR","KOR"
2013,2013,8532,98,98,"2.7","KOR","KOR"
2014,2014,8507,98,98,"2.3","KOR","KOR"
2014,2014,8532,98,98,"2.7","KOR","KOR"
2015,2015,8507,98,98,"2.4","KOR","KOR"
2015,2015,8532,98,98,"2.6","KOR","KOR"
2016,2016,8507,98,98,"2.4","KOR","KOR"
2016,2016,8532,98,98,"2.7","KOR","KOR"
2017,2017,8507,98,98,"2.3","KOR","KOR"
2017,2017,8532,98,98,"2.6","KOR","KOR"
2007,2007,8507,99,99,"2.1","KOR","KOR"
2007,2007,8532,99,99,"2.3","KOR","KOR"
2008,2008,8507,99,99,"2.1","KOR","KOR"
2008,2008,8532,99,99,"2.4","KOR","KOR"
2009,2009,8507,99,99,"2.2","KOR","KOR"
2009,2009,8532,99,99,"2.5","KOR","KOR"
2010,2010,8507,99,99,"2.2","KOR","KOR"
2010,2010,8532,99,99,"2.5","KOR","KOR"
2011,2011,8507,99,99,"2.0","KOR","KOR"
2011,2011,8532,99,99,"2.4","KOR","KOR"
2012,2012,8507,99,99,"2.1","KOR","KOR"
2012,2012,8532,99,99,"2.4","KOR","KOR"
2013,2013,8507,99,99,"2.2","KOR","KOR"
2013,2013,8532,99,99,"2.5","KOR","KOR"
2014,2014,8507,99,99,"2.2","KOR","KOR"
2014,2014,8532,99,99,"2.6","KOR","KOR"
2015,2015,8507,99,99,"2.2","KOR","KOR"
2015,2015,8532,99,99,"2.5","KOR","KOR"
2016,2016,8507,99,99,"2.2","KOR","KOR"
2016,2016,8532,99,99,"2.5","KOR","KOR"
2017,2017,8507,99,99,"2.2","KOR","KOR"
2017,2017,8532,99,99,"2.4","KOR","KOR"
