year,gender,0,1,2,3,4,5,6,7,8,9,10,11,12,13,14,15,16,17,18,19,20,21,22,23,24,25,26,27,28,29,30,31,32,33,34,35,36,37,38,39,40,41,42,43,44,45,46,47,48,49,50,51,52,53,54,55,56,57,58,59,60,61,62,63,64,65,66,67,68,69,70,71,72,73,74,75,76,77,78,79,80+,80,81,82,83,84,85,86,87,88,89,90,91,92,93,94,95,96,97,98,99,100+
1993 ,male,375330 ,378032 ,357807 ,338668 ,332776 ,327040 ,326965 ,337726 ,344471 ,368325 ,409327 ,433748 ,438389 ,432927 ,405639 ,393002 ,401779 ,405130 ,430467 ,456903 ,468151 ,485580 ,491525 ,484743 ,485099 ,466056 ,447143 ,449151 ,449441 ,439430 ,455704 ,486433 ,494488 ,479219 ,445480 ,428348 ,406947 ,390345 ,369812 ,320118 ,312332 ,285964 ,251405 ,262524 ,264237 ,264727 ,240828 ,204210 ,198386 ,206228 ,236872 ,242683 ,208894 ,202519 ,199138 ,185481 ,176678 ,169948 ,159246 ,141541 ,128040 ,114731 ,102262 ,99301 ,94719 ,86832 ,78193 ,71804 ,69417 ,68799 ,67586 ,60234 ,51793 ,46742 ,40964 ,37323 ,34278 ,28514 ,24265 ,21299 ,95836 ,,,,,,,,,,,,,,,,,,,,,
1993,female,327610 ,335409 ,314341 ,298619 ,297698 ,296776 ,298856 ,308020 ,318698 ,344088 ,385296 ,408781 ,413151 ,412707 ,381919 ,370980 ,383064 ,384389 ,408487 ,435605 ,444181 ,453106 ,461240 ,460115 ,465823 ,455458 ,419763 ,413970 ,425086 ,407008 ,418201 ,454958 ,473035 ,458482 ,419345 ,397772 ,379510 ,371921 ,351075 ,300825 ,297078 ,270234 ,236907 ,247401 ,249497 ,253457 ,231519 ,196666 ,197694 ,210517 ,240118 ,246282 ,216165 ,212639 ,211099 ,199349 ,193358 ,191445 ,185380 ,170711 ,160950 ,151213 ,143490 ,141782 ,135845 ,128502 ,116237 ,107258 ,100391 ,100397 ,104983 ,94248 ,81782 ,73911 ,67544 ,65986 ,64069 ,56378 ,50038 ,46758 ,273117 ,,,,,,,,,,,,,,,,,,,,,
1994,male,375879 ,382933 ,378766 ,358294 ,339014 ,333030 ,327550 ,327650 ,337183 ,344177 ,368069 ,408775 ,433247 ,437801 ,432138 ,405068 ,392240 ,400489 ,404106 ,429371 ,456074 ,467154 ,484826 ,490405 ,483621 ,483884 ,464979 ,445885 ,447959 ,448068 ,438103 ,454271 ,484915 ,492684 ,477932 ,443867 ,426523 ,405004 ,388415 ,367854 ,318384 ,310760 ,284136 ,249921 ,260942 ,262434 ,262878 ,238868 ,202504 ,196559 ,204285 ,234561 ,240118 ,206363 ,199833 ,196409 ,182768 ,173798 ,167231 ,156211 ,138732 ,125410 ,112021 ,99753 ,96613 ,91888 ,84112 ,75493 ,69089 ,66455 ,65702 ,64274 ,56985 ,48773 ,43799 ,38115 ,34552 ,31474 ,26004 ,21882 ,100684 ,,,,,,,,,,,,,,,,,,,,,
1994,female,325853 ,335067 ,336316 ,315152 ,299185 ,298185 ,297492 ,299631 ,307669 ,318541 ,343843 ,384935 ,408495 ,412681 ,412162 ,381299 ,370486 ,381869 ,383609 ,408016 ,435313 ,443561 ,452754 ,460968 ,459780 ,465417 ,454962 ,419184 ,413422 ,424330 ,406298 ,417198 ,454185 ,472127 ,457998 ,418485 ,396887 ,378402 ,371147 ,349985 ,300006 ,296279 ,269458 ,236204 ,246675 ,248792 ,252617 ,230672 ,196059 ,196786 ,209824 ,239168 ,245213 ,215286 ,211546 ,209978 ,198257 ,192208 ,190335 ,184025 ,169447 ,159591 ,149763 ,142033 ,140129 ,134094 ,126737 ,114438 ,105335 ,98356 ,98268 ,102425 ,91723 ,79195 ,71264 ,64917 ,63125 ,60973 ,53355 ,47044 ,285303 ,,,,,,,,,,,,,,,,,,,,,
1995,male,374290 ,381605 ,383397 ,379214 ,358442 ,339088 ,333354 ,327795 ,327196 ,336836 ,343707 ,367488 ,408343 ,432469 ,436925 ,431386 ,404051 ,390881 ,399333 ,402862 ,428439 ,455138 ,466260 ,483605 ,489079 ,482217 ,482615 ,463367 ,444406 ,446463 ,446627 ,436368 ,452494 ,482901 ,491104 ,475424 ,441725 ,424344 ,402847 ,386415 ,365776 ,316650 ,308802 ,282252 ,248252 ,258839 ,260416 ,260716 ,236708 ,200572 ,194707 ,202333 ,232141 ,237374 ,203736 ,197294 ,193575 ,179912 ,171045 ,164120 ,153364 ,135839 ,122559 ,109322 ,97072 ,93835 ,89039 ,81205 ,72697 ,66146 ,63476 ,62506 ,60870 ,53645 ,45659 ,40823 ,35342 ,31787 ,28663 ,23396 ,105226 ,,,,,,,,,,,,,,,,,,,,,
1995,female,327409 ,331421 ,335751 ,336866 ,315505 ,299444 ,298700 ,297863 ,299246 ,307519 ,318079 ,343433 ,384588 ,407799 ,411978 ,411507 ,380488 ,369359 ,380889 ,383051 ,407585 ,434702 ,443026 ,452298 ,460414 ,459096 ,464765 ,454094 ,418301 ,412618 ,423376 ,405222 ,416258 ,453096 ,471435 ,456264 ,417381 ,395729 ,377328 ,370030 ,348839 ,299114 ,295286 ,268477 ,235438 ,245916 ,247952 ,251771 ,229897 ,195069 ,196378 ,208847 ,238252 ,244264 ,214101 ,210617 ,208873 ,197106 ,191101 ,188921 ,182733 ,168013 ,158154 ,148293 ,140318 ,138458 ,132185 ,124842 ,112453 ,103259 ,96190 ,95823 ,99571 ,88743 ,76393 ,68498 ,62012 ,59927 ,57632 ,50082 ,295321 ,,,,,,,,,,,,,,,,,,,,,
1996,male,365074 ,379367 ,381854 ,383797 ,379436 ,358702 ,339638 ,333458 ,327620 ,326810 ,336402 ,343287 ,367102 ,407622 ,431793 ,436222 ,430257 ,402912 ,389730 ,398189 ,402133 ,427742 ,454338 ,465170 ,482466 ,487860 ,481047 ,481089 ,462132 ,443220 ,445325 ,445096 ,435013 ,450850 ,481152 ,488646 ,473335 ,439634 ,422321 ,400951 ,384415 ,363867 ,314854 ,306727 ,280334 ,246276 ,256887 ,258213 ,258542 ,234642 ,198736 ,192973 ,200362 ,229599 ,234596 ,201188 ,194623 ,190711 ,177121 ,168146 ,161184 ,150227 ,132875 ,119690 ,106635 ,94499 ,91032 ,86130 ,78293 ,69866 ,63315 ,60427 ,59331 ,57471 ,50313 ,42706 ,37911 ,32557 ,29078 ,25858 ,21039 ,21039 ,17384 ,14865 ,12678 ,10805 ,,,,,,,,,,,,,,,,
1996,female,324318 ,332458 ,331860 ,336173 ,337265 ,315969 ,300090 ,298987 ,297588 ,299183 ,306994 ,317802 ,343126 ,383974 ,407213 ,411322 ,410732 ,379558 ,368197 ,380416 ,382636 ,407261 ,434294 ,442954 ,452175 ,460180 ,458783 ,464263 ,453446 ,417848 ,411804 ,422576 ,404594 ,415488 ,452133 ,469814 ,455187 ,416429 ,394712 ,376385 ,368958 ,347850 ,298146 ,294291 ,267740 ,234806 ,245127 ,247102 ,250959 ,229054 ,194688 ,195447 ,208184 ,237295 ,243145 ,213318 ,209559 ,207776 ,196024 ,189841 ,187661 ,181262 ,166563 ,156732 ,146644 ,138792 ,136545 ,130311 ,122828 ,110325 ,101097 ,93913 ,93208 ,96564 ,85740 ,73533 ,65541 ,58970 ,56674 ,54216 ,46780 ,46780 ,40629 ,36997 ,33580 ,29709 ,,,,,,,,,,,,,,,,
1997,male,352089 ,368891 ,379471 ,382116 ,384011 ,379669 ,359277 ,339742 ,333236 ,327263 ,326492 ,336172 ,343005 ,366552 ,407193 ,431170 ,435381 ,429137 ,401861 ,388779 ,397648 ,401502 ,427052 ,453305 ,464105 ,481276 ,486639 ,479698 ,479899 ,460907 ,442026 ,443908 ,443728 ,433405 ,449182 ,479206 ,486679 ,471269 ,437657 ,420568 ,398974 ,382453 ,361868 ,312914 ,304772 ,278446 ,244554 ,254843 ,256352 ,256453 ,232655 ,197032 ,191133 ,198287 ,227026 ,231635 ,198606 ,191914 ,187802 ,174166 ,165095 ,158120 ,147157 ,129896 ,116896 ,103862 ,91837 ,88237 ,83199 ,75398 ,66956 ,60305 ,57403 ,56148 ,54088 ,47149 ,39670 ,35007 ,29925 ,26395 ,23320 ,23320 ,18749 ,15324 ,12952 ,10987 ,,,,,,,,,,,,,,,,
1997,female,319862 ,328147 ,332742 ,332183 ,336612 ,337695 ,316628 ,300366 ,298818 ,297479 ,298833 ,306755 ,317571 ,342706 ,383493 ,406690 ,410753 ,409603 ,378495 ,367901 ,380121 ,382419 ,407032 ,434429 ,443058 ,452137 ,460058 ,458584 ,463881 ,452980 ,417164 ,411244 ,421954 ,404015 ,414817 ,451216 ,468821 ,454313 ,415566 ,393884 ,375590 ,368071 ,346977 ,297523 ,293566 ,267180 ,234125 ,244401 ,246495 ,250167 ,228323 ,193922 ,194876 ,207355 ,236323 ,242153 ,212275 ,208570 ,206642 ,194842 ,188548 ,186225 ,179884 ,165098 ,155151 ,145105 ,137087 ,134680 ,128304 ,120626 ,108183 ,98807 ,91507 ,90558 ,93335 ,82635 ,70510 ,62544 ,55879 ,53466 ,50762 ,50762 ,43386 ,37318 ,33712 ,30229 ,,,,,,,,,,,,,,,,
1998,male,332301 ,355191 ,369142 ,379691 ,382234 ,384060 ,380192 ,359337 ,339414 ,332908 ,326963 ,326265 ,335888 ,342489 ,366115 ,406556 ,430415 ,434215 ,428165 ,401003 ,388248 ,396922 ,400930 ,426098 ,452283 ,462949 ,480098 ,485370 ,478478 ,478682 ,459569 ,440561 ,442339 ,441931 ,431604 ,447215 ,477040 ,484331 ,468850 ,435742 ,418228 ,396752 ,380015 ,359484 ,310671 ,302562 ,276331 ,242583 ,252851 ,254197 ,254256 ,230592 ,195048 ,189235 ,196209 ,224334 ,228731 ,195924 ,189040 ,184794 ,171135 ,162088 ,154997 ,143980 ,126908 ,113943 ,101070 ,89068 ,85360 ,80170 ,72462 ,64040 ,57377 ,54435 ,52986 ,50778 ,43937 ,36716 ,32195 ,27281 ,23781 ,23781 ,20818 ,16559 ,13368 ,11232 ,,,,,,,,,,,,,,,,
1998,female,304077 ,323271 ,328560 ,333030 ,332479 ,336757 ,338231 ,316815 ,300125 ,298664 ,297227 ,298517 ,306529 ,317255 ,342241 ,383018 ,406101 ,409474 ,408681 ,378138 ,367453 ,379863 ,382255 ,407000 ,434273 ,442900 ,452056 ,459806 ,458099 ,463286 ,452216 ,416277 ,410395 ,421170 ,403078 ,413793 ,450197 ,467602 ,453102 ,414335 ,392735 ,374386 ,366835 ,345940 ,296445 ,292694 ,266220 ,233361 ,243650 ,245667 ,249282 ,227503 ,193178 ,194116 ,206543 ,235266 ,241012 ,211325 ,207390 ,205500 ,193546 ,187276 ,184878 ,178304 ,163568 ,153590 ,143497 ,135260 ,132724 ,126124 ,118408 ,105846 ,96361 ,88985 ,87658 ,90160 ,79348 ,67393 ,59354 ,52668 ,50089 ,50089 ,47139 ,39923 ,34082 ,30484 ,,,,,,,,,,,,,,,,
1999,male,313128 ,341781 ,355655 ,369322 ,379920 ,382370 ,384562 ,380305 ,359067 ,339039 ,332573 ,326619 ,325926 ,335358 ,341955 ,365640 ,405799 ,429417 ,433327 ,427370 ,400310 ,387448 ,396420 ,400100 ,425203 ,451282 ,461966 ,478935 ,484261 ,477343 ,477299 ,458040 ,438932 ,440488 ,440043 ,429739 ,445061 ,474753 ,481916 ,466654 ,433263 ,415778 ,394243 ,377345 ,356888 ,308255 ,300287 ,274018 ,240608 ,250693 ,252019 ,252057 ,228336 ,193150 ,187351 ,193970 ,221596 ,225697 ,193128 ,186242 ,181715 ,168059 ,159021 ,151612 ,140752 ,123823 ,110947 ,98178 ,86228 ,82325 ,77228 ,69416 ,61107 ,54419 ,51364 ,49752 ,47372 ,40712 ,33745 ,29423 ,24648 ,24648 ,21268 ,18381 ,14465 ,11568 ,,,,,,,,,,,,,,,,
1999,female,284761 ,313248 ,323739 ,328904 ,333263 ,332669 ,337236 ,338469 ,316538 ,299890 ,298344 ,296875 ,298295 ,306129 ,316773 ,341846 ,382468 ,404975 ,408765 ,408275 ,377703 ,367159 ,379504 ,382105 ,406747 ,434120 ,442789 ,451559 ,459286 ,457420 ,462328 ,451144 ,415355 ,409404 ,419983 ,402036 ,412703 ,448841 ,466089 ,451472 ,412880 ,391347 ,372911 ,365464 ,344655 ,295390 ,291601 ,265235 ,232623 ,242779 ,244825 ,248428 ,226589 ,192442 ,193372 ,205612 ,234295 ,239899 ,210218 ,206264 ,204203 ,192371 ,185883 ,183347 ,176696 ,161950 ,151941 ,141685 ,133387 ,130586 ,123814 ,116035 ,103323 ,93801 ,86250 ,84677 ,86663 ,75866 ,63997 ,55986 ,49348 ,49348 ,46596 ,43367 ,36369 ,30867 ,,,,,,,,,,,,,,,,
2000,male,312985 ,329036 ,342519 ,356104 ,369639 ,380263 ,382936 ,384873 ,380142 ,358679 ,338701 ,332436 ,326318 ,325610 ,334994 ,341817 ,365175 ,405136 ,428864 ,432680 ,426809 ,399721 ,387168 ,395768 ,399491 ,424571 ,450578 ,461180 ,478188 ,483457 ,476314 ,476378 ,456995 ,437757 ,439386 ,438988 ,428576 ,443878 ,473388 ,480400 ,464958 ,431454 ,413919 ,392187 ,375303 ,354729 ,306454 ,298256 ,272293 ,238884 ,248922 ,250102 ,250019 ,226419 ,191352 ,185467 ,191863 ,218942 ,222791 ,190465 ,183339 ,178658 ,165087 ,155739 ,148371 ,137382 ,120693 ,107902 ,95195 ,83256 ,79303 ,73961 ,66352 ,57984 ,51357 ,48229 ,46417 ,43929 ,37407 ,30795 ,139263 ,26633 ,22079 ,18818 ,16014 ,12484 ,9831 ,7995 ,6571 ,5200 ,3999 ,3179 ,2227 ,1498 ,996 ,632 ,376 ,229 ,148 ,110 ,67 ,181 
2000,female,285050 ,299636 ,313982 ,324225 ,329208 ,333729 ,333281 ,337690 ,338297 ,316219 ,299664 ,298129 ,296792 ,297869 ,305986 ,316591 ,341545 ,381866 ,404634 ,408635 ,408257 ,377434 ,367055 ,379405 ,382056 ,406694 ,434075 ,442393 ,451346 ,458860 ,456794 ,461858 ,450627 ,414783 ,408882 ,419460 ,401378 ,412009 ,447984 ,465099 ,450625 ,412058 ,390506 ,372081 ,364671 ,343961 ,294750 ,290906 ,264822 ,231974 ,242249 ,244172 ,247683 ,225958 ,191829 ,192732 ,204895 ,233280 ,238924 ,209157 ,205136 ,203017 ,191061 ,184517 ,181781 ,175073 ,160324 ,150143 ,139809 ,131318 ,128244 ,121329 ,113373 ,100649 ,90925 ,83250 ,81441 ,82932 ,72109 ,60558 ,357163 ,52479 ,45865 ,42851 ,39463 ,32816 ,27546 ,24048 ,20627 ,17133 ,13145 ,10294 ,8125 ,6352 ,4573 ,3208 ,2249 ,1558 ,1133 ,900 ,766 ,2038 
2001,male,298258 ,328615 ,329604 ,342846 ,356135 ,369985 ,380577 ,383099 ,384586 ,379654 ,358317 ,338578 ,332013 ,326084 ,325181 ,334746 ,341324 ,364462 ,404631 ,428131 ,432179 ,426110 ,399391 ,386438 ,395016 ,398825 ,423640 ,449703 ,460284 ,477269 ,482433 ,475372 ,475274 ,455842 ,436851 ,438466 ,438034 ,427602 ,442742 ,471900 ,478846 ,463246 ,429742 ,411985 ,390298 ,373341 ,352816 ,304786 ,296442 ,270560 ,237304 ,247045 ,248151 ,248091 ,224322 ,189611 ,183541 ,189790 ,216275 ,219763 ,187692 ,180414 ,175631 ,161980 ,152624 ,144943 ,134045 ,117526 ,104751 ,92127 ,80329 ,76068 ,70816 ,63182 ,54913 ,48343 ,45067 ,43128 ,40571 ,34169 ,147827 ,27932 ,23935 ,19686 ,16512 ,13898 ,10695 ,8315 ,6685 ,5387 ,4205 ,3237 ,2525 ,1741 ,1141 ,720 ,441 ,264 ,160 ,110 ,72 ,170 
2001,female,272123 ,299573 ,300276 ,314307 ,324458 ,329611 ,334212 ,333479 ,337411 ,337919 ,316044 ,299450 ,297909 ,296377 ,297788 ,305593 ,316275 ,341071 ,381452 ,404418 ,408459 ,407779 ,377377 ,366672 ,379247 ,381798 ,406528 ,433739 ,442096 ,450920 ,458387 ,456438 ,461319 ,450116 ,414428 ,408330 ,418978 ,400836 ,411392 ,447246 ,464459 ,449852 ,411448 ,389778 ,371396 ,364026 ,343326 ,294242 ,290373 ,264226 ,231530 ,241611 ,243536 ,247056 ,225228 ,191287 ,192015 ,204070 ,232392 ,237776 ,208079 ,203954 ,201726 ,189736 ,183097 ,180261 ,173382 ,158586 ,148190 ,137714 ,129104 ,125724 ,118702 ,110565 ,97747 ,87922 ,80188 ,78028 ,79052 ,68381 ,373198 ,56923 ,48940 ,42386 ,39147 ,35659 ,29304 ,24386 ,20963 ,17724 ,14530 ,10948 ,8424 ,6534 ,5011 ,3543 ,2420 ,1662 ,1134 ,828 ,682 ,2055 
2002,male,262155 ,312282 ,328964 ,329723 ,342840 ,356297 ,370106 ,380629 ,382681 ,384184 ,379290 ,358079 ,338172 ,331666 ,325594 ,324815 ,334191 ,340642 ,363946 ,403898 ,427654 ,431455 ,425700 ,398571 ,385577 ,394111 ,397775 ,422517 ,448353 ,458994 ,476025 ,480911 ,473751 ,473696 ,454465 ,435521 ,437008 ,436625 ,426121 ,440930 ,469871 ,476769 ,461174 ,427513 ,409819 ,388093 ,371150 ,350803 ,302785 ,294584 ,268644 ,235510 ,245086 ,246197 ,245895 ,222343 ,187699 ,181594 ,187530 ,213356 ,216720 ,184896 ,177456 ,172437 ,158872 ,149253 ,141452 ,130660 ,114244 ,101561 ,89016 ,77180 ,72879 ,67574 ,60002 ,51813 ,45286 ,41890 ,39937 ,37241 ,158649 ,31020 ,25176 ,21412 ,17390 ,14361 ,11933 ,9056 ,6969 ,5488 ,4392 ,3374 ,2559 ,1980 ,1340 ,828 ,517 ,309 ,186 ,118 ,76 ,171 
2002,female,239321 ,285483 ,299974 ,300507 ,314464 ,324611 ,329894 ,334185 ,333151 ,337128 ,337639 ,315777 ,299120 ,297537 ,296069 ,297348 ,305236 ,315783 ,340650 ,381081 ,403958 ,407826 ,407318 ,376815 ,366284 ,378802 ,381494 ,406040 ,433130 ,441484 ,450159 ,457643 ,455592 ,460538 ,449336 ,413576 ,407626 ,418157 ,400024 ,410531 ,446385 ,463514 ,448955 ,410554 ,388965 ,370577 ,363271 ,342621 ,293531 ,289724 ,263600 ,230967 ,240991 ,242887 ,246347 ,224519 ,190569 ,191289 ,203278 ,231276 ,236566 ,206951 ,202681 ,200363 ,188348 ,181573 ,178560 ,171575 ,156560 ,146155 ,135494 ,126732 ,123137 ,115888 ,107545 ,94691 ,84804 ,76846 ,74471 ,74990 ,395397 ,64337 ,53205 ,45299 ,38797 ,35440 ,31923 ,25978 ,21287 ,18106 ,15085 ,12082 ,8970 ,6766 ,5158 ,3880 ,2663 ,1778 ,1224 ,827 ,603 ,1994 
2003,male,245196 ,274022 ,312557 ,328988 ,329862 ,342745 ,356373 ,370091 ,380215 ,382296 ,383715 ,378911 ,357645 ,337655 ,331179 ,325196 ,324196 ,333539 ,340095 ,363265 ,403361 ,426884 ,430802 ,424796 ,397572 ,384359 ,392927 ,396313 ,420868 ,446607 ,457283 ,474134 ,478859 ,471717 ,471532 ,452426 ,433500 ,435085 ,434554 ,423894 ,438542 ,467410 ,474010 ,458372 ,424805 ,407118 ,385479 ,368688 ,348294 ,300615 ,292267 ,266561 ,233631 ,242910 ,243996 ,243618 ,220150 ,185708 ,179518 ,185237 ,210455 ,213563 ,181872 ,174337 ,169197 ,155518 ,145849 ,137929 ,127166 ,110750 ,98218 ,85709 ,74065 ,69647 ,64304 ,56749 ,48716 ,42187 ,38821 ,36774 ,171218 ,33934 ,28067 ,22556 ,18993 ,15179 ,12411 ,10122 ,7563 ,5712 ,4456 ,3514 ,2657 ,1982 ,1509 ,994 ,609 ,371 ,222 ,132 ,77 ,163 
2003,female,224565 ,250822 ,285769 ,300126 ,300605 ,314456 ,324790 ,329861 ,333877 ,332804 ,336727 ,337315 ,315457 ,298707 ,297179 ,295740 ,296948 ,304791 ,315238 ,340190 ,380715 ,403163 ,407245 ,406640 ,376101 ,365744 ,378343 ,380830 ,405259 ,432230 ,440252 ,449052 ,456414 ,454367 ,459211 ,448053 ,412292 ,406430 ,416889 ,398813 ,409299 ,445111 ,462106 ,447627 ,409210 ,387752 ,369442 ,362106 ,341534 ,292649 ,288769 ,262776 ,230229 ,240219 ,242122 ,245440 ,223690 ,189815 ,190458 ,202295 ,230125 ,235347 ,205678 ,201362 ,198876 ,186794 ,179922 ,176727 ,169530 ,154453 ,143816 ,133116 ,124167 ,120375 ,112845 ,104314 ,91449 ,81371 ,73304 ,70655 ,422354 ,70646 ,60230 ,49324 ,41601 ,35174 ,31836 ,28349 ,22721 ,18439 ,15387 ,12628 ,9882 ,7228 ,5357 ,3995 ,2956 ,1987 ,1299 ,867 ,590 ,1863 
2004,male,239340 ,256295 ,274388 ,312625 ,329200 ,329776 ,342902 ,356348 ,369728 ,379836 ,381877 ,383313 ,378588 ,357161 ,337210 ,330879 ,324616 ,323536 ,333001 ,339504 ,362691 ,402693 ,426273 ,430126 ,423971 ,396612 ,383488 ,391778 ,395041 ,419570 ,445281 ,455744 ,472161 ,476968 ,469640 ,469487 ,450521 ,431648 ,432984 ,432246 ,421695 ,436227 ,464686 ,471144 ,455535 ,422159 ,404571 ,382977 ,366170 ,345893 ,298391 ,290085 ,264589 ,231614 ,240791 ,241740 ,241348 ,217919 ,183731 ,177552 ,182960 ,207573 ,210341 ,178864 ,171182 ,165867 ,152280 ,142363 ,134321 ,123390 ,107348 ,94745 ,82456 ,70878 ,66370 ,60948 ,53554 ,45622 ,39237 ,35789 ,182682 ,33671 ,30848 ,25229 ,20076 ,16684 ,13215 ,10630 ,8498 ,6240 ,4643 ,3593 ,2780 ,2069 ,1511 ,1158 ,736 ,434 ,271 ,156 ,83 ,161 
2004,female,220905 ,235143 ,251221 ,285893 ,300344 ,300637 ,314702 ,324799 ,329564 ,333524 ,332509 ,336423 ,337083 ,315010 ,298419 ,296860 ,295358 ,296556 ,304267 ,315054 ,339979 ,380022 ,402838 ,406554 ,406054 ,375756 ,365482 ,377822 ,380266 ,404488 ,431185 ,439250 ,447874 ,455065 ,452969 ,457884 ,446649 ,411037 ,405112 ,415596 ,397482 ,407994 ,443669 ,460485 ,445954 ,407778 ,386415 ,368118 ,360871 ,340403 ,291657 ,287754 ,261923 ,229483 ,239382 ,241267 ,244600 ,222836 ,188994 ,189611 ,201325 ,228995 ,234030 ,204454 ,199968 ,197412 ,185229 ,178205 ,174795 ,167330 ,152165 ,141489 ,130599 ,121556 ,117407 ,109682 ,100986 ,88029 ,77880 ,69736 ,444622 ,66770 ,66410 ,56106 ,45441 ,37911 ,31785 ,28394 ,24934 ,19723 ,15696 ,13002 ,10449 ,8021 ,5721 ,4152 ,3085 ,2236 ,1485 ,917 ,615 ,1773 
2005,male,224446 ,249785 ,256751 ,274630 ,312827 ,329336 ,330009 ,342954 ,356058 ,369416 ,379557 ,381578 ,383136 ,378136 ,356729 ,336917 ,330330 ,324036 ,323084 ,332549 ,339045 ,362300 ,402402 ,425930 ,429692 ,423537 ,396353 ,383089 ,391312 ,394746 ,419225 ,444631 ,454790 ,471297 ,475899 ,468583 ,468468 ,449398 ,430331 ,431586 ,430910 ,420243 ,434551 ,462776 ,469202 ,453476 ,420310 ,402694 ,381068 ,364180 ,343943 ,296593 ,288346 ,262782 ,229882 ,238867 ,239889 ,239317 ,215985 ,181944 ,175701 ,180875 ,204834 ,207198 ,175903 ,168147 ,162695 ,148910 ,138880 ,130693 ,119752 ,103783 ,91282 ,79148 ,67690 ,63075 ,57679 ,50285 ,42582 ,36324 ,192404 ,32852 ,30657 ,27886 ,22539 ,17709 ,14585 ,11378 ,8984 ,7032 ,5075 ,3740 ,2840 ,2167 ,1587 ,1165 ,880 ,543 ,318 ,192 ,104 ,177 
2005,female,208093 ,231151 ,235691 ,251557 ,286237 ,300495 ,300952 ,314772 ,324606 ,329293 ,333339 ,332331 ,336276 ,336695 ,314854 ,298199 ,296570 ,295093 ,296343 ,304283 ,314924 ,339672 ,379895 ,402554 ,406538 ,406147 ,375962 ,365457 ,377850 ,380053 ,404163 ,430731 ,438692 ,447188 ,454336 ,452224 ,457134 ,445832 ,410365 ,404377 ,414772 ,396723 ,407196 ,442650 ,459442 ,444995 ,406930 ,385562 ,367300 ,360070 ,339690 ,290970 ,287113 ,261323 ,228964 ,238795 ,240717 ,243912 ,222170 ,188377 ,188895 ,200500 ,227895 ,232862 ,203241 ,198672 ,195989 ,183615 ,176475 ,172806 ,165163 ,149940 ,139043 ,128049 ,118764 ,114426 ,106384 ,97498 ,84573 ,74354 ,465660 ,66081 ,62943 ,62095 ,51907 ,41673 ,34418 ,28502 ,25132 ,21754 ,16892 ,13327 ,10841 ,8534 ,6393 ,4474 ,3217 ,2332 ,1687 ,1057 ,658 ,1748 
2006,male,217189 ,234418 ,250229 ,257025 ,274841 ,313032 ,329453 ,330041 ,342705 ,355771 ,369180 ,379282 ,381366 ,382681 ,377736 ,356396 ,336448 ,329818 ,323566 ,322669 ,332110 ,338682 ,362119 ,402138 ,425599 ,429382 ,423331 ,396083 ,382855 ,391180 ,394655 ,418999 ,444291 ,454438 ,470798 ,475312 ,468037 ,467812 ,448528 ,429460 ,430821 ,429948 ,419098 ,433272 ,461435 ,467526 ,452079 ,418744 ,401093 ,379349 ,362457 ,342208 ,295069 ,286607 ,261095 ,228289 ,237208 ,238159 ,237434 ,214113 ,180299 ,173859 ,178709 ,202099 ,204171 ,173058 ,165036 ,159323 ,145521 ,135348 ,126867 ,116007 ,100167 ,87823 ,75773 ,64500 ,59781 ,54278 ,47014 ,39530 ,201818 ,33429 ,29946 ,27734 ,25017 ,19985 ,15508 ,12611 ,9698 ,7471 ,5757 ,4087 ,2983 ,2219 ,1675 ,1211 ,895 ,666 ,385 ,220 ,132 ,193 
2006,female,202109 ,217688 ,231635 ,236099 ,251841 ,286419 ,300702 ,301024 ,314586 ,324372 ,329144 ,333170 ,332169 ,335971 ,336526 ,314598 ,297931 ,296328 ,294870 ,296167 ,304132 ,314774 ,339561 ,379823 ,402696 ,406634 ,406360 ,376092 ,365648 ,377764 ,380026 ,403989 ,430514 ,438481 ,446819 ,453770 ,451800 ,456640 ,445418 ,409851 ,403959 ,414252 ,396270 ,406674 ,442077 ,458813 ,444407 ,406393 ,385010 ,366758 ,359537 ,339180 ,290516 ,286575 ,260914 ,228534 ,238394 ,240224 ,243282 ,221577 ,187742 ,188229 ,199674 ,226859 ,231642 ,202032 ,197339 ,194407 ,181984 ,174668 ,170729 ,162903 ,147509 ,136542 ,125376 ,115955 ,111178 ,102957 ,93828 ,81047 ,490340 ,70701 ,62344 ,59005 ,57711 ,47808 ,37939 ,30988 ,25350 ,22011 ,18756 ,14372 ,11143 ,8873 ,6852 ,5037 ,3499 ,2444 ,1750 ,1218 ,774 ,1770 
2007,male,231011 ,227603 ,234840 ,250513 ,257244 ,274964 ,313167 ,329467 ,329843 ,342474 ,355551 ,368972 ,379106 ,381058 ,382421 ,377485 ,356091 ,336043 ,329392 ,323219 ,322314 ,331881 ,338615 ,361893 ,401860 ,425371 ,429149 ,423014 ,395858 ,382735 ,391155 ,394534 ,418823 ,444100 ,454227 ,470468 ,474996 ,467636 ,467277 ,447857 ,428940 ,430181 ,429244 ,418339 ,432378 ,460389 ,466519 ,450714 ,417395 ,399670 ,377797 ,360932 ,340679 ,293599 ,285047 ,259529 ,226723 ,235588 ,236342 ,235449 ,212312 ,178521 ,171895 ,176523 ,199439 ,201031 ,170032 ,161790 ,155787 ,142008 ,131593 ,123096 ,112176 ,96488 ,84260 ,72356 ,61146 ,56356 ,50857 ,43732 ,213070 ,36470 ,30566 ,27016 ,24854 ,22266 ,17492 ,13413 ,10776 ,8115 ,6184 ,4684 ,3250 ,2332 ,1692 ,1267 ,916 ,670 ,472 ,276 ,149 ,216 
2007,female,216487 ,212010 ,218118 ,232010 ,236321 ,252011 ,286556 ,300766 ,300865 ,314427 ,324213 ,328970 ,333077 ,331906 ,335797 ,336287 ,314350 ,297719 ,296158 ,294751 ,296025 ,303998 ,314664 ,339464 ,379867 ,402779 ,406786 ,406476 ,376301 ,365655 ,377833 ,379969 ,403917 ,430351 ,438250 ,446493 ,453541 ,451541 ,456303 ,445182 ,409692 ,403617 ,414076 ,395967 ,406409 ,441735 ,458400 ,444107 ,406069 ,384578 ,366503 ,359241 ,338834 ,290179 ,286197 ,260562 ,228155 ,237960 ,239682 ,242717 ,220821 ,187126 ,187518 ,198810 ,225766 ,230392 ,200743 ,195859 ,192788 ,180242 ,172714 ,168545 ,160430 ,145014 ,133844 ,122561 ,112859 ,107796 ,99278 ,90098 ,520172 ,77328 ,66907 ,58551 ,54963 ,53315 ,43650 ,34233 ,27643 ,22273 ,19057 ,15992 ,12033 ,9185 ,7143 ,5410 ,3951 ,2658 ,1836 ,1303 ,893 ,1855 
2008,male,235528 ,241828 ,227979 ,235056 ,250675 ,257295 ,275051 ,313125 ,329299 ,329672 ,342285 ,355377 ,368804 ,378861 ,380817 ,382216 ,377183 ,355703 ,335644 ,329097 ,322932 ,322138 ,331754 ,338365 ,361620 ,401666 ,425201 ,428888 ,422842 ,395828 ,382807 ,391179 ,394624 ,418893 ,444163 ,454313 ,470591 ,475051 ,467682 ,467137 ,447833 ,428882 ,430107 ,429098 ,418000 ,432057 ,459847 ,465751 ,449822 ,416475 ,398548 ,376632 ,359771 ,339433 ,292337 ,283584 ,258026 ,225353 ,233906 ,234544 ,233611 ,210387 ,176743 ,169912 ,174429 ,196642 ,197870 ,166917 ,158402 ,152315 ,138371 ,127824 ,119131 ,108214 ,92687 ,80558 ,68770 ,57816 ,52945 ,47479 ,226893 ,40421 ,33394 ,27636 ,24230 ,22125 ,19529 ,15106 ,11434 ,9050 ,6736 ,5016 ,3710 ,2523 ,1783 ,1295 ,949 ,693 ,481 ,345 ,197 ,243 
2008,female,221812 ,226973 ,212437 ,218413 ,232214 ,236426 ,252115 ,286550 ,300677 ,300719 ,314289 ,324077 ,328885 ,332853 ,331747 ,335656 ,336089 ,314174 ,297636 ,296108 ,294690 ,295977 ,303931 ,314660 ,339608 ,380089 ,403078 ,407078 ,406861 ,376630 ,365906 ,377955 ,380096 ,403957 ,430329 ,438300 ,446485 ,453556 ,451497 ,456333 ,445228 ,409609 ,403744 ,414073 ,395941 ,406416 ,441670 ,458330 ,444085 ,406000 ,384552 ,366437 ,359047 ,338698 ,289987 ,285955 ,260261 ,227798 ,237565 ,239221 ,242048 ,220181 ,186519 ,186816 ,198000 ,224780 ,229215 ,199418 ,194409 ,191140 ,178446 ,170691 ,166220 ,157856 ,142332 ,131088 ,119538 ,109676 ,104193 ,95494 ,558050 ,86192 ,73568 ,63054 ,54749 ,50970 ,48894 ,39602 ,30687 ,24380 ,19447 ,16315 ,13494 ,9982 ,7433 ,5703 ,4268 ,3025 ,1981 ,1364 ,948 ,1999 
2009,male,223867 ,245949 ,242238 ,228182 ,235218 ,250733 ,257342 ,274986 ,313002 ,329175 ,329509 ,342098 ,355209 ,368552 ,378602 ,380603 ,381866 ,376754 ,355216 ,335295 ,328805 ,322716 ,321961 ,331536 ,338084 ,361396 ,401489 ,424915 ,428623 ,422704 ,395716 ,382823 ,391167 ,394641 ,418889 ,444233 ,454364 ,470679 ,475053 ,467659 ,467166 ,447846 ,428731 ,429942 ,428780 ,417634 ,431562 ,459231 ,464937 ,448866 ,415421 ,397370 ,375486 ,358466 ,337919 ,290910 ,282066 ,256514 ,223797 ,232278 ,232781 ,231607 ,208394 ,174839 ,167959 ,172201 ,193734 ,194526 ,163683 ,155005 ,148655 ,134638 ,123839 ,115052 ,104118 ,88828 ,76839 ,65284 ,54478 ,49513 ,243694 ,44023 ,37162 ,30398 ,24967 ,21546 ,19521 ,17026 ,12971 ,9673 ,7541 ,5502 ,4017 ,2932 ,1961 ,1377 ,950 ,719 ,502 ,346 ,257 ,308 
2009,female,210609 ,231941 ,227445 ,212695 ,218600 ,232280 ,236509 ,252095 ,286470 ,300585 ,300629 ,314167 ,323940 ,328714 ,332653 ,331589 ,335455 ,335907 ,314038 ,297495 ,296023 ,294705 ,296044 ,304196 ,315013 ,339969 ,380511 ,403506 ,407479 ,407280 ,376935 ,366168 ,378097 ,380260 ,404004 ,430304 ,438269 ,446548 ,453587 ,451522 ,456392 ,445233 ,409680 ,403839 ,414084 ,396030 ,406536 ,441723 ,458308 ,444156 ,405932 ,384507 ,366335 ,358948 ,338501 ,289722 ,285684 ,259871 ,227463 ,237142 ,238688 ,241407 ,219509 ,185882 ,186139 ,197242 ,223747 ,227852 ,198066 ,192885 ,189270 ,176489 ,168460 ,163755 ,155179 ,139593 ,128043 ,116384 ,106307 ,100521 ,600617 ,91612 ,82222 ,69683 ,59225 ,50949 ,46916 ,44687 ,35705 ,27323 ,21440 ,16778 ,13906 ,11247 ,8180 ,5997 ,4524 ,3307 ,2306 ,1468 ,989 ,2159 
2010,male,225130 ,233860 ,246454 ,242564 ,228422 ,235350 ,250823 ,257305 ,274928 ,312882 ,328990 ,329327 ,341933 ,354921 ,368267 ,378333 ,380208 ,381336 ,376190 ,354804 ,334988 ,328556 ,322480 ,321661 ,331121 ,337666 ,360974 ,400914 ,424285 ,428092 ,422151 ,395265 ,382305 ,390718 ,394128 ,418463 ,443677 ,453791 ,469960 ,474319 ,466940 ,466616 ,447084 ,428017 ,429144 ,427809 ,416585 ,430588 ,457933 ,463377 ,447265 ,413819 ,395724 ,373713 ,356543 ,336086 ,289278 ,280242 ,254628 ,222124 ,230381 ,230725 ,229334 ,206181 ,172787 ,165848 ,169778 ,190628 ,190931 ,160236 ,151388 ,144810 ,130663 ,119745 ,110837 ,99966 ,84790 ,73054 ,61617 ,51040 ,261387 ,45997 ,40644 ,34009 ,27548 ,22288 ,19052 ,17067 ,14734 ,11044 ,8112 ,6224 ,4458 ,3189 ,2280 ,1493 ,1012 ,698 ,536 ,368 ,256 ,385 
2010,female,211372 ,220208 ,232503 ,227781 ,212907 ,218708 ,232362 ,236507 ,252030 ,286422 ,300456 ,300519 ,314001 ,323750 ,328506 ,332420 ,331351 ,335236 ,335677 ,313787 ,297335 ,295995 ,294820 ,296364 ,304487 ,315386 ,340281 ,380802 ,403739 ,407567 ,407376 ,376976 ,366122 ,377999 ,380100 ,403684 ,430035 ,438084 ,446297 ,453335 ,451296 ,456210 ,445040 ,409492 ,403717 ,413980 ,395920 ,406383 ,441478 ,458033 ,443802 ,405647 ,384287 ,365994 ,358600 ,338021 ,289355 ,285181 ,259415 ,226996 ,236576 ,238039 ,240594 ,218706 ,185146 ,185389 ,196293 ,222425 ,226251 ,196480 ,190993 ,187239 ,174278 ,166047 ,161057 ,152229 ,136462 ,124765 ,112964 ,102705 ,645895 ,96504 ,87504 ,78065 ,65631 ,55254 ,46998 ,42991 ,40520 ,31976 ,24166 ,18563 ,14288 ,11655 ,9309 ,6587 ,4758 ,3532 ,2552 ,1725 ,1069 ,2253 
2011,male,231723 ,235628 ,234493 ,246974 ,242956 ,228658 ,235522 ,250872 ,257304 ,274863 ,312768 ,328856 ,329242 ,341693 ,354690 ,368007 ,377990 ,379737 ,380894 ,375851 ,354564 ,334776 ,328342 ,322174 ,321275 ,330670 ,337244 ,360471 ,400351 ,423765 ,427641 ,421705 ,394788 ,381885 ,390286 ,393682 ,417907 ,443086 ,453053 ,469179 ,473541 ,466286 ,465797 ,446223 ,427141 ,428154 ,426680 ,415501 ,429363 ,456371 ,461772 ,445520 ,412060 ,393874 ,371761 ,354603 ,334227 ,287364 ,278235 ,252723 ,220314 ,228329 ,228428 ,226968 ,203844 ,170738 ,163668 ,167183 ,187271 ,187087 ,156678 ,147514 ,140636 ,126530 ,115491 ,106492 ,95561 ,80671 ,69032 ,57903 ,278706 ,47509 ,42521 ,37282 ,30858 ,24718 ,19659 ,16611 ,14764 ,12600 ,9278 ,6685 ,5030 ,3544 ,2487 ,1743 ,1096 ,734 ,513 ,400 ,253 ,425 
2011,female,218296 ,221371 ,220894 ,233003 ,228126 ,213111 ,218867 ,232409 ,236538 ,252036 ,286356 ,300394 ,300427 ,313854 ,323570 ,328304 ,332218 ,331169 ,335028 ,335481 ,313700 ,297319 ,296138 ,295215 ,296870 ,305103 ,315880 ,340705 ,381153 ,403925 ,407718 ,407381 ,377016 ,366071 ,377841 ,379867 ,403441 ,429820 ,437833 ,445995 ,453040 ,450986 ,455936 ,444724 ,409296 ,403495 ,413697 ,395594 ,406152 ,441070 ,457576 ,443373 ,405260 ,383846 ,365584 ,358100 ,337527 ,288844 ,284637 ,258833 ,226433 ,235901 ,237276 ,239757 ,217850 ,184443 ,184497 ,195166 ,220916 ,224475 ,194754 ,189017 ,185072 ,171904 ,163422 ,158138 ,149017 ,133130 ,121194 ,109286 ,690044 ,98737 ,92347 ,83170 ,73660 ,61319 ,51110 ,42980 ,39035 ,36247 ,28272 ,20982 ,15850 ,12011 ,9596 ,7482 ,5214 ,3755 ,2705 ,1932 ,1268 ,2378 
2012,male,235286 ,242517 ,236101 ,235009 ,247367 ,243204 ,228842 ,235601 ,250882 ,257299 ,274795 ,312657 ,328785 ,329038 ,341475 ,354432 ,367701 ,377595 ,379304 ,380525 ,375518 ,354264 ,334436 ,327976 ,321752 ,320839 ,330325 ,336876 ,360139 ,399969 ,423398 ,427279 ,421314 ,394355 ,381503 ,389868 ,393246 ,417414 ,442437 ,452304 ,468430 ,472822 ,465526 ,464892 ,445273 ,426134 ,427037 ,425542 ,414319 ,427955 ,454824 ,459988 ,443641 ,410188 ,391911 ,369765 ,352604 ,332107 ,285450 ,276177 ,250776 ,218444 ,226134 ,226066 ,224484 ,201529 ,168618 ,161329 ,164412 ,183739 ,183142 ,152798 ,143436 ,136370 ,122208 ,111060 ,101956 ,90952 ,76368 ,64981 ,300499 ,54017 ,43935 ,38991 ,33896 ,27684 ,21937 ,17132 ,14327 ,12577 ,10581 ,7645 ,5357 ,4019 ,2809 ,1883 ,1292 ,796 ,522 ,374 ,271 ,459 
2012,female,222673 ,228651 ,221981 ,221393 ,233371 ,228347 ,213275 ,218934 ,232442 ,236548 ,252027 ,286285 ,300341 ,300323 ,313693 ,323376 ,328103 ,332019 ,330972 ,334839 ,335355 ,313607 ,297394 ,296510 ,295858 ,297567 ,305696 ,316422 ,341121 ,381451 ,404104 ,407784 ,407407 ,377045 ,365974 ,377679 ,379675 ,403230 ,429540 ,437566 ,445659 ,452677 ,450602 ,455577 ,444395 ,408957 ,403178 ,413344 ,395293 ,405812 ,440613 ,457137 ,442867 ,404807 ,383335 ,365088 ,357593 ,336933 ,288287 ,283999 ,258256 ,225819 ,235203 ,236533 ,238907 ,217043 ,183641 ,183540 ,193963 ,219303 ,222588 ,192816 ,186890 ,182695 ,169300 ,160602 ,154904 ,145531 ,129480 ,117413 ,736692 ,105256 ,94559 ,87857 ,78554 ,68937 ,56814 ,46774 ,38947 ,34873 ,31931 ,24552 ,17920 ,13259 ,9854 ,7738 ,5887 ,4053 ,2872 ,2039 ,1412 ,2610 
2013,male,227400 ,246170 ,243089 ,236550 ,235339 ,247577 ,243354 ,228910 ,235632 ,250876 ,257250 ,274736 ,312599 ,328656 ,328880 ,341281 ,354191 ,367378 ,377203 ,378897 ,380123 ,375172 ,353858 ,334019 ,327533 ,321311 ,320410 ,329923 ,336507 ,359750 ,399558 ,422947 ,426857 ,420758 ,393876 ,381052 ,389369 ,392740 ,416772 ,441686 ,451526 ,467805 ,472145 ,464685 ,463976 ,444260 ,425065 ,425928 ,424346 ,412960 ,426541 ,453144 ,458103 ,441685 ,408269 ,389900 ,367665 ,350447 ,330043 ,283440 ,274120 ,248769 ,216448 ,223827 ,223651 ,222090 ,199204 ,166355 ,158784 ,161583 ,180051 ,178903 ,148935 ,139275 ,131871 ,117697 ,106472 ,97221 ,86213 ,71973 ,327385 ,60836 ,50062 ,40364 ,35504 ,30538 ,24682 ,19244 ,14773 ,12168 ,10564 ,8770 ,6191 ,4295 ,3188 ,2139 ,1420 ,948 ,566 ,370 ,260 ,506 
2013,female,215502 ,233221 ,229308 ,222424 ,221730 ,233571 ,228523 ,213352 ,218953 ,232449 ,236528 ,251973 ,286256 ,300263 ,300244 ,313559 ,323237 ,327920 ,331890 ,330816 ,334711 ,335246 ,313679 ,297702 ,297038 ,296406 ,298107 ,306199 ,316814 ,341356 ,381641 ,404165 ,407811 ,407422 ,377001 ,365876 ,377531 ,379499 ,402946 ,429330 ,437249 ,445341 ,452329 ,450298 ,455262 ,443995 ,408624 ,402822 ,412975 ,394967 ,405375 ,440176 ,456580 ,442381 ,404214 ,382795 ,364561 ,357005 ,336321 ,287683 ,283399 ,257610 ,225152 ,234468 ,235711 ,238063 ,216248 ,182788 ,182466 ,192654 ,217478 ,220530 ,190698 ,184537 ,180038 ,166494 ,157455 ,151464 ,141736 ,125517 ,788384 ,113200 ,100939 ,90143 ,83083 ,73671 ,64134 ,52221 ,42446 ,34889 ,30721 ,27777 ,20978 ,15007 ,10967 ,7965 ,6094 ,4524 ,3100 ,2170 ,1495 ,2866 
2014,male,215720 ,237425 ,246913 ,243527 ,236892 ,235554 ,247758 ,243462 ,228972 ,235645 ,250884 ,257234 ,274714 ,312558 ,328574 ,328780 ,341126 ,353933 ,367081 ,376884 ,378587 ,379874 ,374934 ,353555 ,333742 ,327239 ,320977 ,320155 ,329673 ,336284 ,359540 ,399281 ,422735 ,426540 ,420517 ,393669 ,380742 ,389060 ,392418 ,416425 ,441279 ,451258 ,467356 ,471565 ,464033 ,463223 ,443450 ,424129 ,424976 ,423216 ,411781 ,425252 ,451493 ,456334 ,439830 ,406359 ,387886 ,365660 ,348410 ,327934 ,281506 ,272036 ,246648 ,214422 ,221614 ,221466 ,219704 ,196667 ,163951 ,156257 ,158644 ,176193 ,174665 ,144893 ,135003 ,127238 ,113080 ,101828 ,92488 ,81402 ,359794 ,67593 ,56604 ,46242 ,36884 ,32136 ,27328 ,21808 ,16723 ,12627 ,10249 ,8836 ,7265 ,5012 ,3424 ,2492 ,1632 ,1054 ,679 ,408 ,261 ,542 
2014,female,204915 ,225234 ,234041 ,229783 ,222796 ,221967 ,233778 ,228653 ,213422 ,219021 ,232466 ,236528 ,252000 ,286235 ,300253 ,300222 ,313506 ,323121 ,327898 ,331830 ,330781 ,334669 ,335387 ,314041 ,298218 ,297554 ,296979 ,298664 ,306673 ,317205 ,341663 ,381870 ,404384 ,407947 ,407500 ,377084 ,365894 ,377525 ,379409 ,402919 ,429178 ,437107 ,445239 ,452197 ,450183 ,455002 ,443787 ,408374 ,402610 ,412725 ,394651 ,405095 ,439759 ,456121 ,441867 ,403729 ,382262 ,364004 ,356422 ,335739 ,287095 ,282765 ,256896 ,224462 ,233721 ,235003 ,237265 ,215310 ,181822 ,181339 ,191225 ,215658 ,218279 ,188500 ,182029 ,177199 ,163535 ,154153 ,147720 ,137692 ,846936 ,121303 ,108808 ,96522 ,85466 ,78121 ,68760 ,59278 ,47733 ,38240 ,30947 ,26846 ,23947 ,17802 ,12484 ,8954 ,6360 ,4763 ,3480 ,2355 ,1620 ,3151 
2015,male,216519 ,224731 ,237970 ,247249 ,243794 ,237070 ,235706 ,247831 ,243517 ,228995 ,235649 ,250855 ,257211 ,274649 ,312471 ,328489 ,328632 ,340865 ,353596 ,366774 ,376554 ,378321 ,379623 ,374638 ,353235 ,333450 ,326964 ,320724 ,319892 ,329396 ,336049 ,359287 ,398983 ,422357 ,426200 ,420184 ,393291 ,380319 ,388640 ,391965 ,415921 ,440815 ,450709 ,466668 ,470711 ,463210 ,462237 ,442276 ,423023 ,423758 ,421786 ,410441 ,423662 ,449725 ,454282 ,437644 ,404298 ,385792 ,363455 ,346170 ,325756 ,279367 ,269792 ,244438 ,212334 ,219434 ,219058 ,217011 ,193955 ,161432 ,153575 ,155463 ,172189 ,170057 ,140703 ,130451 ,122510 ,108307 ,97062 ,87506 ,398449 ,76479 ,63065 ,52372 ,42389 ,33502 ,28799 ,24213 ,19039 ,14320 ,10651 ,8527 ,7301 ,5884 ,4018 ,2672 ,1915 ,1228 ,760 ,477 ,281 ,562 
2015,female,205664 ,213600 ,225928 ,234417 ,230106 ,222995 ,222115 ,233878 ,228726 ,213480 ,219036 ,232457 ,236546 ,251989 ,286209 ,300222 ,300166 ,313386 ,323060 ,327827 ,331737 ,330719 ,334709 ,335569 ,314338 ,298556 ,297915 ,297349 ,299015 ,306982 ,317416 ,341846 ,381982 ,404444 ,407950 ,407501 ,377002 ,365811 ,377389 ,379296 ,402752 ,428965 ,436912 ,444989 ,451955 ,449881 ,454722 ,443440 ,408073 ,402301 ,412376 ,394362 ,404777 ,439274 ,455557 ,441292 ,403117 ,381608 ,363400 ,355769 ,335067 ,286440 ,281987 ,256146 ,223814 ,233051 ,234222 ,236284 ,214250 ,180783 ,180099 ,189705 ,213577 ,215915 ,186067 ,179242 ,174166 ,160229 ,150467 ,143684 ,913631 ,133303 ,116776 ,104164 ,91694 ,80495 ,72989 ,63629 ,54308 ,43083 ,34052 ,27081 ,23115 ,20362 ,14789 ,10199 ,7167 ,4987 ,3651 ,2601 ,1741 ,3451 
2016,male,209649 ,225501 ,225257 ,238218 ,247434 ,243918 ,237167 ,235732 ,247874 ,243516 ,229003 ,235636 ,250834 ,257131 ,274573 ,312374 ,328318 ,328383 ,340495 ,353247 ,366386 ,376282 ,378030 ,379267 ,374216 ,352833 ,333099 ,326649 ,320383 ,319589 ,329149 ,335770 ,358966 ,398565 ,421905 ,425724 ,419692 ,392771 ,379831 ,388115 ,391378 ,415360 ,440201 ,449958 ,465793 ,469826 ,462189 ,461018 ,441095 ,421773 ,422330 ,420300 ,408955 ,421946 ,447780 ,452022 ,435468 ,402140 ,383498 ,361152 ,343932 ,323291 ,277070 ,267485 ,242126 ,210257 ,217068 ,216391 ,214106 ,191056 ,158754 ,150622 ,152155 ,167848 ,165313 ,136226 ,125801 ,117527 ,103313 ,92005 ,439823 ,82389 ,71466 ,58439 ,48100 ,38659 ,30034 ,25625 ,21255 ,16407 ,12114 ,8828 ,6947 ,5904 ,4683 ,3129 ,2056 ,1448 ,903 ,530 ,327 ,584 
2016,female,199449 ,214288 ,214225 ,226238 ,234664 ,230241 ,223109 ,222192 ,233921 ,228768 ,213492 ,219040 ,232472 ,236532 ,251949 ,286183 ,300180 ,300075 ,313316 ,322984 ,327674 ,331648 ,330660 ,334766 ,335757 ,314649 ,298903 ,298211 ,297666 ,299288 ,307225 ,317599 ,341935 ,382033 ,404405 ,407917 ,407357 ,376875 ,365669 ,377208 ,379094 ,402500 ,428699 ,436610 ,444617 ,451579 ,449530 ,454298 ,443006 ,407709 ,401933 ,411961 ,393980 ,404319 ,438657 ,454916 ,440606 ,402386 ,380928 ,362651 ,355050 ,334245 ,285646 ,281189 ,255402 ,223124 ,232341 ,233284 ,235149 ,213059 ,179574 ,178692 ,187956 ,211358 ,213258 ,183308 ,176214 ,170768 ,156513 ,146440 ,981867 ,139280 ,128495 ,111906 ,99122 ,86531 ,75353 ,67546 ,58266 ,49092 ,38442 ,29837 ,23244 ,19611 ,16978 ,12090 ,8180 ,5639 ,3825 ,2755 ,1917 ,3764 
2017,male,189830 ,218134 ,226028 ,225426 ,238356 ,247529 ,244012 ,237194 ,235772 ,247880 ,243522 ,229015 ,235616 ,250765 ,257027 ,274449 ,312162 ,328012 ,327990 ,340067 ,352826 ,366081 ,375962 ,377611 ,378818 ,373705 ,352435 ,332759 ,326310 ,320144 ,319371 ,328946 ,335525 ,358637 ,398214 ,421498 ,425217 ,419210 ,392325 ,379324 ,387571 ,390947 ,414794 ,439464 ,449267 ,464913 ,468882 ,461081 ,459947 ,439953 ,420566 ,420913 ,418871 ,407361 ,420341 ,445857 ,449852 ,433344 ,399833 ,381238 ,358925 ,341489 ,320773 ,274877 ,265116 ,239990 ,208120 ,214476 ,213642 ,211072 ,188004 ,155879 ,147657 ,148673 ,163387 ,160310 ,131553 ,120882 ,112386 ,98188 ,482675 ,86858 ,77154 ,66397 ,53799 ,43902 ,34803 ,26805 ,22564 ,18459 ,13967 ,10122 ,7207 ,5586 ,4696 ,3681 ,2414 ,1555 ,1083 ,647 ,374 ,607 
2017,female,179881 ,207571 ,214940 ,214531 ,226437 ,234769 ,230356 ,223178 ,222207 ,233975 ,228795 ,213509 ,219040 ,232450 ,236483 ,251923 ,286127 ,300092 ,300050 ,313237 ,322806 ,327566 ,331585 ,330697 ,335009 ,336053 ,315019 ,299318 ,298536 ,297995 ,299607 ,307443 ,317795 ,342019 ,381991 ,404345 ,407790 ,407214 ,376703 ,365476 ,376965 ,378842 ,402267 ,428369 ,436212 ,444244 ,451218 ,449102 ,453856 ,442605 ,407275 ,401474 ,411484 ,393546 ,403846 ,438056 ,454250 ,439824 ,401662 ,380214 ,361935 ,354229 ,333389 ,284873 ,280401 ,254687 ,222517 ,231486 ,232218 ,233892 ,211734 ,178270 ,177149 ,186149 ,208883 ,210268 ,180377 ,172940 ,166974 ,152558 ,1049214 ,142166 ,134474 ,123332 ,106668 ,93737 ,81125 ,69949 ,61979 ,52798 ,43941 ,33765 ,25710 ,19784 ,16364 ,13946 ,9714 ,6433 ,4348 ,2904 ,2030 ,4050 
2018,male,170538 ,197983 ,218699 ,226222 ,225582 ,238428 ,247612 ,244003 ,237215 ,235775 ,247842 ,243502 ,228978 ,235527 ,250612 ,256832 ,274174 ,311721 ,327455 ,327533 ,339679 ,352471 ,365733 ,375544 ,377164 ,378273 ,373332 ,352078 ,332406 ,326030 ,319900 ,319214 ,328671 ,335205 ,358331 ,397866 ,421038 ,424788 ,418742 ,391759 ,378821 ,387173 ,390449 ,414163 ,438831 ,448440 ,463991 ,467796 ,460081 ,458807 ,438760 ,419302 ,419550 ,417426 ,405920 ,418670 ,443839 ,447680 ,431028 ,397605 ,378943 ,356626 ,339013 ,318311 ,272512 ,262948 ,237713 ,205694 ,211780 ,210686 ,207784 ,184783 ,152931 ,144409 ,144969 ,158665 ,154968 ,126589 ,115726 ,106969 ,527239 ,92822 ,81510 ,71705 ,61128 ,49064 ,39558 ,31095 ,23546 ,19579 ,15735 ,11691 ,8288 ,5773 ,4421 ,3663 ,2831 ,1816 ,1153 ,769 ,459 ,638 
2018,female,161187 ,187682 ,208285 ,215266 ,214737 ,226548 ,234883 ,230414 ,223211 ,222253 ,234007 ,228802 ,213508 ,219017 ,232404 ,236437 ,251853 ,286034 ,300032 ,299964 ,313090 ,322672 ,327499 ,331623 ,330946 ,335336 ,336439 ,315449 ,299734 ,298895 ,298350 ,299872 ,307677 ,317890 ,342044 ,381931 ,404238 ,407580 ,407003 ,376476 ,365254 ,376715 ,378597 ,401891 ,427997 ,435839 ,443829 ,450788 ,448621 ,453411 ,442124 ,406836 ,401000 ,411046 ,393133 ,403289 ,437442 ,453535 ,439095 ,400931 ,379497 ,361173 ,353403 ,332552 ,284101 ,279743 ,254027 ,221751 ,230503 ,231024 ,232517 ,210321 ,176838 ,175527 ,184091 ,206115 ,207047 ,177178 ,169248 ,162853 ,1116850 ,148187 ,137457 ,129234 ,117595 ,100936 ,87947 ,75375 ,64233 ,56189 ,47218 ,38642 ,29158 ,21770 ,16330 ,13326 ,11134 ,7590 ,4933 ,3254 ,2103 ,4245 
